bab_order,bab_label,bab_title,fasl,article_title,article_number,article_number_label,article_number_int,article_text,source_url,searchable_text,text_len,article_status,source_type,source_name,legal_category,document_unit_id,text_for_indexing,normalized_text,rag_usage
1,الباب الأول,التعريفات / الأحكام العامة,الفصل الثاني,المادة الرابعة عشرة:,الرابعة عشرة,14,14,(ملغاة),https://www.hrsd.gov.sa/node/5575978,الباب الأول - التعريفات / الأحكام العامة - الفصل الثاني - المادة الرابعة عشرة: - (ملغاة),7,repealed,legal_article,نظام العمل السعودي,التعريفات / الأحكام العامة,33e4a5920ffacf41b6796c8fe9c7cbf0cd46bdd53c537e6a73adad925682957f,المصدر: نظام العمل السعودي الباب الأول - التعريفات / الأحكام العامة الفصل الثاني المادة الرابعة عشرة: رقم المادة: 14 حالة المادة: repealed النص: (ملغاة),المصدر: نظام العمل السعودي الباب الاول - التعريفات / الاحكام العامه الفصل الثاني الماده الرابعه عشره: رقم الماده: 14 حاله الماده: repealed النص: (ملغاه),archive_only_not_indexed
9,الباب التاسع,تشغيل النساء,,المادة التاسعة والأربعون بعد المائة:,التاسعة والأربعون بعد المائة,149,149,(ملغاة),https://www.hrsd.gov.sa/node/5576027,الباب التاسع - تشغيل النساء - - المادة التاسعة والأربعون بعد المائة: - (ملغاة),7,repealed,legal_article,نظام العمل السعودي,تشغيل النساء,75770707ab86fa115ff8c8d490eaff11fa828df1b1c46ea18a675cd9932da8ee,المصدر: نظام العمل السعودي الباب التاسع - تشغيل النساء المادة التاسعة والأربعون بعد المائة: رقم المادة: 149 حالة المادة: repealed النص: (ملغاة),المصدر: نظام العمل السعودي الباب التاسع - تشغيل النساء الماده التاسعه والاربعون بعد المايه: رقم الماده: 149 حاله الماده: repealed النص: (ملغاه),archive_only_not_indexed
9,الباب التاسع,تشغيل النساء,,المادة الخمسون بعد المائة:,الخمسون بعد المائة,150,150,(ملغاة),https://www.hrsd.gov.sa/node/5576027,الباب التاسع - تشغيل النساء - - المادة الخمسون بعد المائة: - (ملغاة),7,repealed,legal_article,نظام العمل السعودي,تشغيل النساء,bfdf323bc1474a6bbc1a5b2036331b615fcc8b7421595a520c8f7725a629adf5,المصدر: نظام العمل السعودي الباب التاسع - تشغيل النساء المادة الخمسون بعد المائة: رقم المادة: 150 حالة المادة: repealed النص: (ملغاة),المصدر: نظام العمل السعودي الباب التاسع - تشغيل النساء الماده الخمسون بعد المايه: رقم الماده: 150 حاله الماده: repealed النص: (ملغاه),archive_only_not_indexed
9,الباب التاسع,تشغيل النساء,,المادة الثانية والخمسون بعد المائة:,الثانية والخمسون بعد المائة,152,152,(ملغاة),https://www.hrsd.gov.sa/node/5576027,الباب التاسع - تشغيل النساء - - المادة الثانية والخمسون بعد المائة: - (ملغاة),7,repealed,legal_article,نظام العمل السعودي,تشغيل النساء,621dced8f61609dbf55fc5d9e469455521e4703dbf61620d5a8bec0f14914808,المصدر: نظام العمل السعودي الباب التاسع - تشغيل النساء المادة الثانية والخمسون بعد المائة: رقم المادة: 152 حالة المادة: repealed النص: (ملغاة),المصدر: نظام العمل السعودي الباب التاسع - تشغيل النساء الماده الثانيه والخمسون بعد المايه: رقم الماده: 152 حاله الماده: repealed النص: (ملغاه),archive_only_not_indexed
9,الباب التاسع,تشغيل النساء,,المادة السادسة والخمسون بعد المائة:,السادسة والخمسون بعد المائة,156,156,(ملغاة),https://www.hrsd.gov.sa/node/5576027,الباب التاسع - تشغيل النساء - - المادة السادسة والخمسون بعد المائة: - (ملغاة),7,repealed,legal_article,نظام العمل السعودي,تشغيل النساء,1a944999da2950d17da14a968c341bf5a8451aad71431a12df5eb27fb1796dcb,المصدر: نظام العمل السعودي الباب التاسع - تشغيل النساء المادة السادسة والخمسون بعد المائة: رقم المادة: 156 حالة المادة: repealed النص: (ملغاة),المصدر: نظام العمل السعودي الباب التاسع - تشغيل النساء الماده السادسه والخمسون بعد المايه: رقم الماده: 156 حاله الماده: repealed النص: (ملغاه),archive_only_not_indexed
13,الباب الثالث عشر,تفتيش العمل,,المادة الخامسة والتسعون بعد المائة:,الخامسة والتسعون بعد المائة,195,195,(ملغاة),https://www.hrsd.gov.sa/node/5576043,الباب الثالث عشر - تفتيش العمل - - المادة الخامسة والتسعون بعد المائة: - (ملغاة),7,repealed,legal_article,نظام العمل السعودي,تفتيش العمل,e71406d2b67a25e2b72adbb5cdf92acb3c0eb5ccb647549691da8a80a9ead4ce,المصدر: نظام العمل السعودي الباب الثالث عشر - تفتيش العمل المادة الخامسة والتسعون بعد المائة: رقم المادة: 195 حالة المادة: repealed النص: (ملغاة),المصدر: نظام العمل السعودي الباب الثالث عشر - تفتيش العمل الماده الخامسه والتسعون بعد المايه: رقم الماده: 195 حاله الماده: repealed النص: (ملغاه),archive_only_not_indexed
13,الباب الثالث عشر,تفتيش العمل,,المادة السابعة والتسعون بعد المائة:,السابعة والتسعون بعد المائة,197,197,(ملغاة),https://www.hrsd.gov.sa/node/5576043,الباب الثالث عشر - تفتيش العمل - - المادة السابعة والتسعون بعد المائة: - (ملغاة),7,repealed,legal_article,نظام العمل السعودي,تفتيش العمل,0f5a1a0aaa84640072eed1c34ff2cb920b803a4e4d75b2d8fe255225e85c7e45,المصدر: نظام العمل السعودي الباب الثالث عشر - تفتيش العمل المادة السابعة والتسعون بعد المائة: رقم المادة: 197 حالة المادة: repealed النص: (ملغاة),المصدر: نظام العمل السعودي الباب الثالث عشر - تفتيش العمل الماده السابعه والتسعون بعد المايه: رقم الماده: 197 حاله الماده: repealed النص: (ملغاه),archive_only_not_indexed
13,الباب الثالث عشر,تفتيش العمل,,المادة الثالثة بعد المائتين:,الثالثة بعد المائتين,203,203,(ملغاة),https://www.hrsd.gov.sa/node/5576043,الباب الثالث عشر - تفتيش العمل - - المادة الثالثة بعد المائتين: - (ملغاة),7,repealed,legal_article,نظام العمل السعودي,تفتيش العمل,7527e9cb07db0641bacb9cf4eefe76f8591ffdf931b918bbe71bceb7ec548921,المصدر: نظام العمل السعودي الباب الثالث عشر - تفتيش العمل المادة الثالثة بعد المائتين: رقم المادة: 203 حالة المادة: repealed النص: (ملغاة),المصدر: نظام العمل السعودي الباب الثالث عشر - تفتيش العمل الماده الثالثه بعد المايتين: رقم الماده: 203 حاله الماده: repealed النص: (ملغاه),archive_only_not_indexed
13,الباب الثالث عشر,تفتيش العمل,,المادة الخامسة بعد المائتين:,الخامسة بعد المائتين,205,205,(ملغاة),https://www.hrsd.gov.sa/node/5576043,الباب الثالث عشر - تفتيش العمل - - المادة الخامسة بعد المائتين: - (ملغاة),7,repealed,legal_article,نظام العمل السعودي,تفتيش العمل,b6d347c52a62895aef8d17485a0f19258f2c0d78b97fc280e3fd906342b41190,المصدر: نظام العمل السعودي الباب الثالث عشر - تفتيش العمل المادة الخامسة بعد المائتين: رقم المادة: 205 حالة المادة: repealed النص: (ملغاة),المصدر: نظام العمل السعودي الباب الثالث عشر - تفتيش العمل الماده الخامسه بعد المايتين: رقم الماده: 205 حاله الماده: repealed النص: (ملغاه),archive_only_not_indexed
13,الباب الثالث عشر,تفتيش العمل,,المادة السادسة بعد المائتين:,السادسة بعد المائتين,206,206,(ملغاة),https://www.hrsd.gov.sa/node/5576043,الباب الثالث عشر - تفتيش العمل - - المادة السادسة بعد المائتين: - (ملغاة),7,repealed,legal_article,نظام العمل السعودي,تفتيش العمل,a0f3edceafeb1c28fab820347d4a768cc96a108848bb05544ea7f28988a54a22,المصدر: نظام العمل السعودي الباب الثالث عشر - تفتيش العمل المادة السادسة بعد المائتين: رقم المادة: 206 حالة المادة: repealed النص: (ملغاة),المصدر: نظام العمل السعودي الباب الثالث عشر - تفتيش العمل الماده السادسه بعد المايتين: رقم الماده: 206 حاله الماده: repealed النص: (ملغاه),archive_only_not_indexed
13,الباب الثالث عشر,تفتيش العمل,,المادة السابعة بعد المائتين:,السابعة بعد المائتين,207,207,(ملغاة),https://www.hrsd.gov.sa/node/5576043,الباب الثالث عشر - تفتيش العمل - - المادة السابعة بعد المائتين: - (ملغاة),7,repealed,legal_article,نظام العمل السعودي,تفتيش العمل,88349239a8e1cced4e1774e1a9d079fe786b86c3fbddd67443430d865ed2287b,المصدر: نظام العمل السعودي الباب الثالث عشر - تفتيش العمل المادة السابعة بعد المائتين: رقم المادة: 207 حالة المادة: repealed النص: (ملغاة),المصدر: نظام العمل السعودي الباب الثالث عشر - تفتيش العمل الماده السابعه بعد المايتين: رقم الماده: 207 حاله الماده: repealed النص: (ملغاه),archive_only_not_indexed
13,الباب الثالث عشر,تفتيش العمل,,المادة الثامنة بعد المائتين:,الثامنة بعد المائتين,208,208,(ملغاة),https://www.hrsd.gov.sa/node/5576043,الباب الثالث عشر - تفتيش العمل - - المادة الثامنة بعد المائتين: - (ملغاة),7,repealed,legal_article,نظام العمل السعودي,تفتيش العمل,994cd7eb65bef3ca9ca5cc4c0aeeb4a7fc51f6660394637255d4246cfe22397b,المصدر: نظام العمل السعودي الباب الثالث عشر - تفتيش العمل المادة الثامنة بعد المائتين: رقم المادة: 208 حالة المادة: repealed النص: (ملغاة),المصدر: نظام العمل السعودي الباب الثالث عشر - تفتيش العمل الماده الثامنه بعد المايتين: رقم الماده: 208 حاله الماده: repealed النص: (ملغاه),archive_only_not_indexed
14,الباب الرابع عشر,هيئات تسوية الخلافات العمالية,,المادة العاشرة بعد المائتين:,العاشرة بعد المائتين,210,210,(ملغاة),https://www.hrsd.gov.sa/node/5576050,الباب الرابع عشر - هيئات تسوية الخلافات العمالية - - المادة العاشرة بعد المائتين: - (ملغاة),7,repealed,legal_article,نظام العمل السعودي,هيئات تسوية الخلافات العمالية,356aa1d080b96fa13ae7e865b38c2ed3efdba62bf18826e7e14db379a04629d8,المصدر: نظام العمل السعودي الباب الرابع عشر - هيئات تسوية الخلافات العمالية المادة العاشرة بعد المائتين: رقم المادة: 210 حالة المادة: repealed النص: (ملغاة),المصدر: نظام العمل السعودي الباب الرابع عشر - هييات تسويه الخلافات العماليه الماده العاشره بعد المايتين: رقم الماده: 210 حاله الماده: repealed النص: (ملغاه),archive_only_not_indexed
14,الباب الرابع عشر,هيئات تسوية الخلافات العمالية,,المادة الحادية عشرة بعد المائتين:,الحادية عشرة بعد المائتين,211,211,(ملغاة),https://www.hrsd.gov.sa/node/5576050,الباب الرابع عشر - هيئات تسوية الخلافات العمالية - - المادة الحادية عشرة بعد المائتين: - (ملغاة),7,repealed,legal_article,نظام العمل السعودي,هيئات تسوية الخلافات العمالية,bae546e5900a62e2f100a7d91d44b89e09894ca93fc934d923060440fadb2e69,المصدر: نظام العمل السعودي الباب الرابع عشر - هيئات تسوية الخلافات العمالية المادة الحادية عشرة بعد المائتين: رقم المادة: 211 حالة المادة: repealed النص: (ملغاة),المصدر: نظام العمل السعودي الباب الرابع عشر - هييات تسويه الخلافات العماليه الماده الحاديه عشره بعد المايتين: رقم الماده: 211 حاله الماده: repealed النص: (ملغاه),archive_only_not_indexed
14,الباب الرابع عشر,هيئات تسوية الخلافات العمالية,,المادة الثانية عشرة بعد المائتين:,الثانية عشرة بعد المائتين,212,212,(ملغاة),https://www.hrsd.gov.sa/node/5576050,الباب الرابع عشر - هيئات تسوية الخلافات العمالية - - المادة الثانية عشرة بعد المائتين: - (ملغاة),7,repealed,legal_article,نظام العمل السعودي,هيئات تسوية الخلافات العمالية,03ee91072dd2709db495e484d3fcc8798752b17d8851f6ece9d8d832f39effde,المصدر: نظام العمل السعودي الباب الرابع عشر - هيئات تسوية الخلافات العمالية المادة الثانية عشرة بعد المائتين: رقم المادة: 212 حالة المادة: repealed النص: (ملغاة),المصدر: نظام العمل السعودي الباب الرابع عشر - هييات تسويه الخلافات العماليه الماده الثانيه عشره بعد المايتين: رقم الماده: 212 حاله الماده: repealed النص: (ملغاه),archive_only_not_indexed
14,الباب الرابع عشر,هيئات تسوية الخلافات العمالية,,المادة الثالثة عشرة بعد المائتين:,الثالثة عشرة بعد المائتين,213,213,(ملغاة),https://www.hrsd.gov.sa/node/5576050,الباب الرابع عشر - هيئات تسوية الخلافات العمالية - - المادة الثالثة عشرة بعد المائتين: - (ملغاة),7,repealed,legal_article,نظام العمل السعودي,هيئات تسوية الخلافات العمالية,3f3dde7ef98765cbc491be2b6086003f4f6b1753145d19cde926c544666dd77a,المصدر: نظام العمل السعودي الباب الرابع عشر - هيئات تسوية الخلافات العمالية المادة الثالثة عشرة بعد المائتين: رقم المادة: 213 حالة المادة: repealed النص: (ملغاة),المصدر: نظام العمل السعودي الباب الرابع عشر - هييات تسويه الخلافات العماليه الماده الثالثه عشره بعد المايتين: رقم الماده: 213 حاله الماده: repealed النص: (ملغاه),archive_only_not_indexed
14,الباب الرابع عشر,هيئات تسوية الخلافات العمالية,,المادة الرابعة عشرة بعد المائتين:,الرابعة عشرة بعد المائتين,214,214,(ملغاة),https://www.hrsd.gov.sa/node/5576050,الباب الرابع عشر - هيئات تسوية الخلافات العمالية - - المادة الرابعة عشرة بعد المائتين: - (ملغاة),7,repealed,legal_article,نظام العمل السعودي,هيئات تسوية الخلافات العمالية,1d8cc7f3000b2d9e1c126ca5b9ae9080080fd2c80a273aea2ec98792c4c13605,المصدر: نظام العمل السعودي الباب الرابع عشر - هيئات تسوية الخلافات العمالية المادة الرابعة عشرة بعد المائتين: رقم المادة: 214 حالة المادة: repealed النص: (ملغاة),المصدر: نظام العمل السعودي الباب الرابع عشر - هييات تسويه الخلافات العماليه الماده الرابعه عشره بعد المايتين: رقم الماده: 214 حاله الماده: repealed النص: (ملغاه),archive_only_not_indexed
14,الباب الرابع عشر,هيئات تسوية الخلافات العمالية,,المادة الخامسة عشرة بعد المائتين:,الخامسة عشرة بعد المائتين,215,215,(ملغاة),https://www.hrsd.gov.sa/node/5576050,الباب الرابع عشر - هيئات تسوية الخلافات العمالية - - المادة الخامسة عشرة بعد المائتين: - (ملغاة),7,repealed,legal_article,نظام العمل السعودي,هيئات تسوية الخلافات العمالية,113d237a2e8926ecb60a0ec70022cec30027136cdc0b2683b6a81330ba9e83cb,المصدر: نظام العمل السعودي الباب الرابع عشر - هيئات تسوية الخلافات العمالية المادة الخامسة عشرة بعد المائتين: رقم المادة: 215 حالة المادة: repealed النص: (ملغاة),المصدر: نظام العمل السعودي الباب الرابع عشر - هييات تسويه الخلافات العماليه الماده الخامسه عشره بعد المايتين: رقم الماده: 215 حاله الماده: repealed النص: (ملغاه),archive_only_not_indexed
14,الباب الرابع عشر,هيئات تسوية الخلافات العمالية,,المادة السادسة عشرة بعد المائتين:,السادسة عشرة بعد المائتين,216,216,(ملغاة),https://www.hrsd.gov.sa/node/5576050,الباب الرابع عشر - هيئات تسوية الخلافات العمالية - - المادة السادسة عشرة بعد المائتين: - (ملغاة),7,repealed,legal_article,نظام العمل السعودي,هيئات تسوية الخلافات العمالية,a47a5a232bf453d8584b3eefdefb249e31090c13e320b4c762b7d75eeca87641,المصدر: نظام العمل السعودي الباب الرابع عشر - هيئات تسوية الخلافات العمالية المادة السادسة عشرة بعد المائتين: رقم المادة: 216 حالة المادة: repealed النص: (ملغاة),المصدر: نظام العمل السعودي الباب الرابع عشر - هييات تسويه الخلافات العماليه الماده السادسه عشره بعد المايتين: رقم الماده: 216 حاله الماده: repealed النص: (ملغاه),archive_only_not_indexed
14,الباب الرابع عشر,هيئات تسوية الخلافات العمالية,,المادة السابعة عشرة بعد المائتين:,السابعة عشرة بعد المائتين,217,217,(ملغاة),https://www.hrsd.gov.sa/node/5576050,الباب الرابع عشر - هيئات تسوية الخلافات العمالية - - المادة السابعة عشرة بعد المائتين: - (ملغاة),7,repealed,legal_article,نظام العمل السعودي,هيئات تسوية الخلافات العمالية,54c55b667cb035bf19b5579ad2362662470ffe9f8aa71aa6cd5cf9672f447f60,المصدر: نظام العمل السعودي الباب الرابع عشر - هيئات تسوية الخلافات العمالية المادة السابعة عشرة بعد المائتين: رقم المادة: 217 حالة المادة: repealed النص: (ملغاة),المصدر: نظام العمل السعودي الباب الرابع عشر - هييات تسويه الخلافات العماليه الماده السابعه عشره بعد المايتين: رقم الماده: 217 حاله الماده: repealed النص: (ملغاه),archive_only_not_indexed
14,الباب الرابع عشر,هيئات تسوية الخلافات العمالية,,المادة الثامنة عشرة بعد المائتين:,الثامنة عشرة بعد المائتين,218,218,(ملغاة),https://www.hrsd.gov.sa/node/5576050,الباب الرابع عشر - هيئات تسوية الخلافات العمالية - - المادة الثامنة عشرة بعد المائتين: - (ملغاة),7,repealed,legal_article,نظام العمل السعودي,هيئات تسوية الخلافات العمالية,567f035e54826698ea769fd03ddfe3ccf27b3adcec35e372c1d88bda1f9f1949,المصدر: نظام العمل السعودي الباب الرابع عشر - هيئات تسوية الخلافات العمالية المادة الثامنة عشرة بعد المائتين: رقم المادة: 218 حالة المادة: repealed النص: (ملغاة),المصدر: نظام العمل السعودي الباب الرابع عشر - هييات تسويه الخلافات العماليه الماده الثامنه عشره بعد المايتين: رقم الماده: 218 حاله الماده: repealed النص: (ملغاه),archive_only_not_indexed
14,الباب الرابع عشر,هيئات تسوية الخلافات العمالية,,المادة التاسعة عشرة بعد المائتين:,التاسعة عشرة بعد المائتين,219,219,(ملغاة),https://www.hrsd.gov.sa/node/5576050,الباب الرابع عشر - هيئات تسوية الخلافات العمالية - - المادة التاسعة عشرة بعد المائتين: - (ملغاة),7,repealed,legal_article,نظام العمل السعودي,هيئات تسوية الخلافات العمالية,cb51b2264cad6d2f055652d72cf61c98518d3473b73bca5b210bfb68270f2565,المصدر: نظام العمل السعودي الباب الرابع عشر - هيئات تسوية الخلافات العمالية المادة التاسعة عشرة بعد المائتين: رقم المادة: 219 حالة المادة: repealed النص: (ملغاة),المصدر: نظام العمل السعودي الباب الرابع عشر - هييات تسويه الخلافات العماليه الماده التاسعه عشره بعد المايتين: رقم الماده: 219 حاله الماده: repealed النص: (ملغاه),archive_only_not_indexed
14,الباب الرابع عشر,هيئات تسوية الخلافات العمالية,,المادة العشرون بعد المائتين:,العشرون بعد المائتين,220,220,(ملغاة),https://www.hrsd.gov.sa/node/5576050,الباب الرابع عشر - هيئات تسوية الخلافات العمالية - - المادة العشرون بعد المائتين: - (ملغاة),7,repealed,legal_article,نظام العمل السعودي,هيئات تسوية الخلافات العمالية,8e23d090d86f8fc10f2316d1c96c0efaefa6e8cc4b4fc508cda1f823606b12b9,المصدر: نظام العمل السعودي الباب الرابع عشر - هيئات تسوية الخلافات العمالية المادة العشرون بعد المائتين: رقم المادة: 220 حالة المادة: repealed النص: (ملغاة),المصدر: نظام العمل السعودي الباب الرابع عشر - هييات تسويه الخلافات العماليه الماده العشرون بعد المايتين: رقم الماده: 220 حاله الماده: repealed النص: (ملغاه),archive_only_not_indexed
14,الباب الرابع عشر,هيئات تسوية الخلافات العمالية,,المادة الحادية والعشرون بعد المائتين:,الحادية والعشرون بعد المائتين,221,221,(ملغاة),https://www.hrsd.gov.sa/node/5576050,الباب الرابع عشر - هيئات تسوية الخلافات العمالية - - المادة الحادية والعشرون بعد المائتين: - (ملغاة),7,repealed,legal_article,نظام العمل السعودي,هيئات تسوية الخلافات العمالية,0ff8159a85351e625f5d55de2ce8c2d5210e442943d41b22b2366cd467f0b61b,المصدر: نظام العمل السعودي الباب الرابع عشر - هيئات تسوية الخلافات العمالية المادة الحادية والعشرون بعد المائتين: رقم المادة: 221 حالة المادة: repealed النص: (ملغاة),المصدر: نظام العمل السعودي الباب الرابع عشر - هييات تسويه الخلافات العماليه الماده الحاديه والعشرون بعد المايتين: رقم الماده: 221 حاله الماده: repealed النص: (ملغاه),archive_only_not_indexed
14,الباب الرابع عشر,هيئات تسوية الخلافات العمالية,,المادة الثانية والعشرون بعد المائتين:,الثانية والعشرون بعد المائتين,222,222,(ملغاة),https://www.hrsd.gov.sa/node/5576050,الباب الرابع عشر - هيئات تسوية الخلافات العمالية - - المادة الثانية والعشرون بعد المائتين: - (ملغاة),7,repealed,legal_article,نظام العمل السعودي,هيئات تسوية الخلافات العمالية,969bfd6348fd9c18340eec2993a614e7e938491c435ef8e8cbb3beb9582930fc,المصدر: نظام العمل السعودي الباب الرابع عشر - هيئات تسوية الخلافات العمالية المادة الثانية والعشرون بعد المائتين: رقم المادة: 222 حالة المادة: repealed النص: (ملغاة),المصدر: نظام العمل السعودي الباب الرابع عشر - هييات تسويه الخلافات العماليه الماده الثانيه والعشرون بعد المايتين: رقم الماده: 222 حاله الماده: repealed النص: (ملغاه),archive_only_not_indexed
14,الباب الرابع عشر,هيئات تسوية الخلافات العمالية,,المادة الثالثة والعشرون بعد المائتين:,الثالثة والعشرون بعد المائتين,223,223,(ملغاة),https://www.hrsd.gov.sa/node/5576050,الباب الرابع عشر - هيئات تسوية الخلافات العمالية - - المادة الثالثة والعشرون بعد المائتين: - (ملغاة),7,repealed,legal_article,نظام العمل السعودي,هيئات تسوية الخلافات العمالية,8a569f4e1ad7a3646e556afad7ef4303b550e132e80c087637bba4b65b40d330,المصدر: نظام العمل السعودي الباب الرابع عشر - هيئات تسوية الخلافات العمالية المادة الثالثة والعشرون بعد المائتين: رقم المادة: 223 حالة المادة: repealed النص: (ملغاة),المصدر: نظام العمل السعودي الباب الرابع عشر - هييات تسويه الخلافات العماليه الماده الثالثه والعشرون بعد المايتين: رقم الماده: 223 حاله الماده: repealed النص: (ملغاه),archive_only_not_indexed
14,الباب الرابع عشر,هيئات تسوية الخلافات العمالية,,المادة الرابعة والعشرون بعد المائتين:,الرابعة والعشرون بعد المائتين,224,224,(ملغاة),https://www.hrsd.gov.sa/node/5576050,الباب الرابع عشر - هيئات تسوية الخلافات العمالية - - المادة الرابعة والعشرون بعد المائتين: - (ملغاة),7,repealed,legal_article,نظام العمل السعودي,هيئات تسوية الخلافات العمالية,b2732c0b92838e7ba8ff802cb9f4bbc8f13671c7354568cae8ad8942388010d6,المصدر: نظام العمل السعودي الباب الرابع عشر - هيئات تسوية الخلافات العمالية المادة الرابعة والعشرون بعد المائتين: رقم المادة: 224 حالة المادة: repealed النص: (ملغاة),المصدر: نظام العمل السعودي الباب الرابع عشر - هييات تسويه الخلافات العماليه الماده الرابعه والعشرون بعد المايتين: رقم الماده: 224 حاله الماده: repealed النص: (ملغاه),archive_only_not_indexed
14,الباب الرابع عشر,هيئات تسوية الخلافات العمالية,,المادة الخامسة والعشرون بعد المائتين:,الخامسة والعشرون بعد المائتين,225,225,(ملغاة),https://www.hrsd.gov.sa/node/5576050,الباب الرابع عشر - هيئات تسوية الخلافات العمالية - - المادة الخامسة والعشرون بعد المائتين: - (ملغاة),7,repealed,legal_article,نظام العمل السعودي,هيئات تسوية الخلافات العمالية,d29a16b717b8109508f633d065f79638249a8d064793406f801acbee05596181,المصدر: نظام العمل السعودي الباب الرابع عشر - هيئات تسوية الخلافات العمالية المادة الخامسة والعشرون بعد المائتين: رقم المادة: 225 حالة المادة: repealed النص: (ملغاة),المصدر: نظام العمل السعودي الباب الرابع عشر - هييات تسويه الخلافات العماليه الماده الخامسه والعشرون بعد المايتين: رقم الماده: 225 حاله الماده: repealed النص: (ملغاه),archive_only_not_indexed
14,الباب الرابع عشر,هيئات تسوية الخلافات العمالية,,المادة السادسة والعشرون بعد المائتين:,السادسة والعشرون بعد المائتين,226,226,(ملغاة),https://www.hrsd.gov.sa/node/5576050,الباب الرابع عشر - هيئات تسوية الخلافات العمالية - - المادة السادسة والعشرون بعد المائتين: - (ملغاة),7,repealed,legal_article,نظام العمل السعودي,هيئات تسوية الخلافات العمالية,249448205edda8918afb05aad8e19030a869f6c10ab79416986f822cae036030,المصدر: نظام العمل السعودي الباب الرابع عشر - هيئات تسوية الخلافات العمالية المادة السادسة والعشرون بعد المائتين: رقم المادة: 226 حالة المادة: repealed النص: (ملغاة),المصدر: نظام العمل السعودي الباب الرابع عشر - هييات تسويه الخلافات العماليه الماده السادسه والعشرون بعد المايتين: رقم الماده: 226 حاله الماده: repealed النص: (ملغاه),archive_only_not_indexed
14,الباب الرابع عشر,هيئات تسوية الخلافات العمالية,,المادة السابعة والعشرون بعد المائتين:,السابعة والعشرون بعد المائتين,227,227,(ملغاة),https://www.hrsd.gov.sa/node/5576050,الباب الرابع عشر - هيئات تسوية الخلافات العمالية - - المادة السابعة والعشرون بعد المائتين: - (ملغاة),7,repealed,legal_article,نظام العمل السعودي,هيئات تسوية الخلافات العمالية,ebc45b24712b48e845975568340e7ac000a17865ae40e5a899415003df852a4e,المصدر: نظام العمل السعودي الباب الرابع عشر - هيئات تسوية الخلافات العمالية المادة السابعة والعشرون بعد المائتين: رقم المادة: 227 حالة المادة: repealed النص: (ملغاة),المصدر: نظام العمل السعودي الباب الرابع عشر - هييات تسويه الخلافات العماليه الماده السابعه والعشرون بعد المايتين: رقم الماده: 227 حاله الماده: repealed النص: (ملغاه),archive_only_not_indexed
14,الباب الرابع عشر,هيئات تسوية الخلافات العمالية,,المادة الثامنة والعشرون بعد المائتين:,الثامنة والعشرون بعد المائتين,228,228,(ملغاة),https://www.hrsd.gov.sa/node/5576050,الباب الرابع عشر - هيئات تسوية الخلافات العمالية - - المادة الثامنة والعشرون بعد المائتين: - (ملغاة),7,repealed,legal_article,نظام العمل السعودي,هيئات تسوية الخلافات العمالية,5dc774fa2c4e6087486a0f79a9560a8128e015f21366f95dedf2bf300623ad0c,المصدر: نظام العمل السعودي الباب الرابع عشر - هيئات تسوية الخلافات العمالية المادة الثامنة والعشرون بعد المائتين: رقم المادة: 228 حالة المادة: repealed النص: (ملغاة),المصدر: نظام العمل السعودي الباب الرابع عشر - هييات تسويه الخلافات العماليه الماده الثامنه والعشرون بعد المايتين: رقم الماده: 228 حاله الماده: repealed النص: (ملغاه),archive_only_not_indexed
15,الباب الخامس عشر,العقوبات,,المادة السادسة والثلاثين بعد المائتين:,السادسة والثلاثين بعد المائتين,236,236,(ملغاة),https://www.hrsd.gov.sa/node/5576057,الباب الخامس عشر - العقوبات - - المادة السادسة والثلاثين بعد المائتين: - (ملغاة),7,repealed,legal_article,نظام العمل السعودي,العقوبات,1bd19a034152c93b98b56d1537f7f66e64d1d2d28ec9c0f2b76fe76b99f5bf31,المصدر: نظام العمل السعودي الباب الخامس عشر - العقوبات المادة السادسة والثلاثين بعد المائتين: رقم المادة: 236 حالة المادة: repealed النص: (ملغاة),المصدر: نظام العمل السعودي الباب الخامس عشر - العقوبات الماده السادسه والثلاثين بعد المايتين: رقم الماده: 236 حاله الماده: repealed النص: (ملغاه),archive_only_not_indexed
15,الباب الخامس عشر,العقوبات,,المادة السابعة والثلاثين بعد المائتين:,السابعة والثلاثين بعد المائتين,237,237,(ملغاة),https://www.hrsd.gov.sa/node/5576057,الباب الخامس عشر - العقوبات - - المادة السابعة والثلاثين بعد المائتين: - (ملغاة),7,repealed,legal_article,نظام العمل السعودي,العقوبات,f645674ab0263f1e745b1316df0fff133acb46544109b3fbe2d9c14a4d276dd6,المصدر: نظام العمل السعودي الباب الخامس عشر - العقوبات المادة السابعة والثلاثين بعد المائتين: رقم المادة: 237 حالة المادة: repealed النص: (ملغاة),المصدر: نظام العمل السعودي الباب الخامس عشر - العقوبات الماده السابعه والثلاثين بعد المايتين: رقم الماده: 237 حاله الماده: repealed النص: (ملغاه),archive_only_not_indexed
15,الباب الخامس عشر,العقوبات,,المادة الثامنة والثلاثين بعد المائتين:,الثامنة والثلاثين بعد المائتين,238,238,(ملغاة),https://www.hrsd.gov.sa/node/5576057,الباب الخامس عشر - العقوبات - - المادة الثامنة والثلاثين بعد المائتين: - (ملغاة),7,repealed,legal_article,نظام العمل السعودي,العقوبات,c05792c3c2fd6d0e84fdb6305ab559e7c509dd5503d9fc3c1bf0afea68349943,المصدر: نظام العمل السعودي الباب الخامس عشر - العقوبات المادة الثامنة والثلاثين بعد المائتين: رقم المادة: 238 حالة المادة: repealed النص: (ملغاة),المصدر: نظام العمل السعودي الباب الخامس عشر - العقوبات الماده الثامنه والثلاثين بعد المايتين: رقم الماده: 238 حاله الماده: repealed النص: (ملغاه),archive_only_not_indexed
15,الباب الخامس عشر,العقوبات,,المادة التاسعة والثلاثين بعد المائتين:,التاسعة والثلاثين بعد المائتين,239,239,(ملغاة),https://www.hrsd.gov.sa/node/5576057,الباب الخامس عشر - العقوبات - - المادة التاسعة والثلاثين بعد المائتين: - (ملغاة),7,repealed,legal_article,نظام العمل السعودي,العقوبات,3b201b31bde37095ac77f35db149ec5f8072fa29acf3470e73027c7d804f51e3,المصدر: نظام العمل السعودي الباب الخامس عشر - العقوبات المادة التاسعة والثلاثين بعد المائتين: رقم المادة: 239 حالة المادة: repealed النص: (ملغاة),المصدر: نظام العمل السعودي الباب الخامس عشر - العقوبات الماده التاسعه والثلاثين بعد المايتين: رقم الماده: 239 حاله الماده: repealed النص: (ملغاه),archive_only_not_indexed
15,الباب الخامس عشر,العقوبات,,المادة الأربعون بعد المائتين:,الأربعون بعد المائتين,240,240,(ملغاة),https://www.hrsd.gov.sa/node/5576057,الباب الخامس عشر - العقوبات - - المادة الأربعون بعد المائتين: - (ملغاة),7,repealed,legal_article,نظام العمل السعودي,العقوبات,dcff14da3e985bd142d7c1f203c4611ce251a04e0d782a2228fe81ec0eacee4e,المصدر: نظام العمل السعودي الباب الخامس عشر - العقوبات المادة الأربعون بعد المائتين: رقم المادة: 240 حالة المادة: repealed النص: (ملغاة),المصدر: نظام العمل السعودي الباب الخامس عشر - العقوبات الماده الاربعون بعد المايتين: رقم الماده: 240 حاله الماده: repealed النص: (ملغاه),archive_only_not_indexed
15,الباب الخامس عشر,العقوبات,,المادة الحادية والأربعون بعد المائتين:,الحادية والأربعون بعد المائتين,241,241,(ملغاة),https://www.hrsd.gov.sa/node/5576057,الباب الخامس عشر - العقوبات - - المادة الحادية والأربعون بعد المائتين: - (ملغاة),7,repealed,legal_article,نظام العمل السعودي,العقوبات,cbad2b4eeb3e2673e381e730dc565df79e02d9d48dc041b481a2942ccf8b4662,المصدر: نظام العمل السعودي الباب الخامس عشر - العقوبات المادة الحادية والأربعون بعد المائتين: رقم المادة: 241 حالة المادة: repealed النص: (ملغاة),المصدر: نظام العمل السعودي الباب الخامس عشر - العقوبات الماده الحاديه والاربعون بعد المايتين: رقم الماده: 241 حاله الماده: repealed النص: (ملغاه),archive_only_not_indexed
15,الباب الخامس عشر,العقوبات,,المادة الثانية والأربعون بعد المائتين:,الثانية والأربعون بعد المائتين,242,242,(ملغاة,https://www.hrsd.gov.sa/node/5576057,الباب الخامس عشر - العقوبات - - المادة الثانية والأربعون بعد المائتين: - (ملغاة,6,repealed,legal_article,نظام العمل السعودي,العقوبات,c7786df63e047a190b5da51754b7273d69180136f27d6bcd01c67296667ec045,المصدر: نظام العمل السعودي الباب الخامس عشر - العقوبات المادة الثانية والأربعون بعد المائتين: رقم المادة: 242 حالة المادة: repealed النص: (ملغاة,المصدر: نظام العمل السعودي الباب الخامس عشر - العقوبات الماده الثانيه والاربعون بعد المايتين: رقم الماده: 242 حاله الماده: repealed النص: (ملغاه,archive_only_not_indexed
