chunking_strategy,char_count,word_count,source_type,article_number,bab_title,sector,source_url,_chunk_text
Structural chunking,11038,2056,faq,,,قطاع التنمية الاجتماعية,https://www.hrsd.gov.sa/contact-us/faq,"المصدر: HRSD FAQ التصنيف: العمالة المنزلية | ذوي الإعاقة | كبار السن | قطاع التنمية الاجتماعية | مركز الرياض للسياسات السلوكية السؤال: الاعاقات خدماتها ومعاييرها الطبية كالتالي: الإجابة: اسم الإعاقة الموحدة المعايير الطبية الخدمات المستحقة شلل طرف علوي ايمن إعانة مالية + بطاقة تخفيض أجور اركاب + اعفاء من رسوم التأشيرات شلل طرف علوي أيسر إعانة مالية + بطاقة تخفيض أجور اركاب + اعفاء من رسوم التأشيرات شلل طرف سفلي أيمن إعانة مالية + بطاقة تخفيض أجور اركاب + بطاقة مواقف + اعفاء من رسوم التأشيرات + أجهزة طبية شلل طرفي سفلي أيسر إعانة مالية + بطاقة تخفيض أجور اركاب + بطاقة مواقف + اعفاء من رسوم التأشيرات + أجهزة طبية شلل رباعي و إقعاد تام إعانة مالية + بطاقة تخفيض أجور اركاب + بطاقة مواقف + اعفاء من رسوم التأشيرات + أجهزة طبية شلل طرفين سفليين إعانة مالية + بطاقة تخفيض أجور اركاب + بطاقة مواقف + اعفاء من رسوم التأشيرات + أجهزة طبية شلل طرفين علويين إعانة مالية + بطاقة تخفيض أجور اركاب + اعفاء من رسوم التأشيرات شلل شقي أيمن إعانة مالية + بطاقة تخفيض أجور اركاب + بطاقة مواقف + اعفاء من رسوم التأشيرات + أجهزة طبية شلل شقي أيسر إعانة مالية + بطاقة تخفيض أجور اركاب + بطاقة مواقف + اعفاء من رسوم التأشيرات + أجهزة طبية شلل ثلاثي إعانة مالية + بطاقة تخفيض أجور اركاب + بطاقة مواقف + اعفاء من رسوم التأشيرات + أجهزة طبية شلل طرفين(علوي أيمن وسفلي أيسر) إعانة مالية + بطاقة تخفيض أجور اركاب + بطاقة مواقف + اعفاء من رسوم التأشيرات + أجهزة طبية شلل طرفين(علوي أيسر وسفلي أيمن) إعانة مالية + بطاقة تخفيض أجور اركاب + بطاقة مواقف + اعفاء من رسوم التأشيرات + أجهزة طبية بتر جزئي طرف علوي أيمن (بتر 20%-50%)من الطرف إعانة مالية + بطاقة تخفيض أجور اركاب بتر طرف علوي أيمن اكبر من او يساوي 51 % من الطرف إعانة مالية + بطاقة تخفيض أجور اركاب + اعفاء من رسوم التأشيرات بتر طرف علوي أيسر اكبر من او يساوي 51 % من الطرف إعانة مالية + بطاقة تخفيض أجور اركاب + اعفاء من رسوم التأشيرات بتر طرف سفلي أيمن اكبر من او يساوي 51 % من الطرف إعانة مالية + بطاقة تخفيض أجور اركاب + بطاقة مواقف + اعفاء من رسوم التأشيرات + أجهزة طبية بتر طرف سفلي أيسر اكبر من او يساوي 51 % من الطرف إعانة مالية + بطاقة تخفيض أجور اركاب + بطاقة مواقف + اعفاء من رسوم التأشيرات + أجهزة طبية بتر طرفين علويين اكبر من او يساوي 51 % من الطرف إعانة مالية + بطاقة تخفيض أجور اركاب + اعفاء من رسوم التأشيرات بتر طرفين سفليين اكبر من او يساوي 51 % من الطرف إعانة مالية + بطاقة تخفيض أجور اركاب + بطاقة مواقف + اعفاء من رسوم التأشيرات + أجهزة طبية بتر طرف علوي أيسر وسفلي أيمن اكبر من او يساوي 51 % من الطرف إعانة مالية + بطاقة تخفيض أجور اركاب + بطاقة مواقف + اعفاء من رسوم التأشيرات + أجهزة طبية بتر شقي أيمن اكبر من او يساوي 51 % من الطرف إعانة مالية + بطاقة تخفيض أجور اركاب + بطاقة مواقف + اعفاء من رسوم التأشيرات + أجهزة طبية بتر شقي أيسر اكبر من او يساوي 51 % من الطرف إعانة مالية + بطاقة تخفيض أجور اركاب + بطاقة مواقف + اعفاء من رسوم التأشيرات + أجهزة طبية بتر ثلاثي اكبر من او يساوي 51 % من الطرف إعانة مالية + بطاقة تخفيض أجور اركاب + بطاقة مواقف + اعفاء من رسوم التأشيرات + أجهزة طبية بتر رباعي اكبر من او يساوي 51 % من الطرف إعانة مالية + بطاقة تخفيض أجور اركاب + بطاقة مواقف + اعفاء من رسوم التأشيرات + أجهزة طبية بتر جزئي طرف علوي أيسر من 20% -50% من الطرف إعانة مالية بتر جزئي طرف سفلي أيمن من 20% -50% من الطرف إعانة مالية بتر جزئي طرف سفلي أيسر من 20% -50% من الطرف إعانة مالية ضعف طرفين سفليين وصعوبة شديدة بالمشي درجة قوة العضلة من3 الى4 من 5 بالمقياس اليدوي للقوة العضلية للأطراف إعانة مالية + بطاقة تخفيض أجور اركاب + بطاقة مواقف + اعفاء من رسوم التأشيرات + أجهزة طبية ضعف الأطراف الأربعة درجة قوة العضلة من3 الى4 من 5 بالمقياس اليدوي للقوة العضلية للأطراف إعانة مالية + بطاقة تخفيض أجور اركاب + بطاقة مواقف + اعفاء من رسوم التأشيرات + أجهزة طبية ضعف شقي أيمن درجة قوة العضلة من3 الى4 من 5 بالمقياس اليدوي للقوة العضلية للأطراف إعانة مالية + بطاقة تخفيض أجور اركاب + بطاقة مواقف + اعفاء من رسوم التأشيرات + أجهزة طبية ضعف طرفين علويين درجة قوة العضلة من3 الى4 من 5 بالمقياس اليدوي للقوة العضلية للأطراف إعانة مالية + بطاقة تخفيض أجور اركاب + اعفاء من رسوم التأشيرات ضعف شقي أيسر درجة قوة العضلة من3 الى4 من 5 بالمقياس اليدوي للقوة العضلية للأطراف إعانة مالية + بطاقة تخفيض أجور اركاب + بطاقة مواقف + اعفاء من رسوم التأشيرات + أجهزة طبية ضعف ثلاثي درجة قوة العضلة من3 الى4 من 5 بالمقياس اليدوي للقوة العضلية للأطراف إعانة مالية + بطاقة تخفيض أجور اركاب + بطاقة مواقف + اعفاء من رسوم التأشيرات + أجهزة طبية ضعف طرفين(علوي أيمن وسفلي أيسر) درجة قوة العضلة من3 الى4 من 5 بالمقياس اليدوي للقوة العضلية للأطراف إعانة مالية + بطاقة تخفيض أجور اركاب + بطاقة مواقف + اعفاء من رسوم التأشيرات + أجهزة طبية ضعف طرفين(علوي أيسر وسفلي أيمن) درجة قوة العضلة من3 الى4 من 5 بالمقياس اليدوي للقوة العضلية للأطراف إعانة مالية + بطاقة تخفيض أجور اركاب + بطاقة مواقف + اعفاء من رسوم التأشيرات + أجهزة طبية ضعف شديد بأحد الأطراف درجة قوة العضلة من3 الى4 من 5 بالمقياس اليدوي للقوة العضلية للأطراف إعانة مالية + بطاقة تخفيض أجور اركاب + بطاقة مواقف تشوهات شديدة بالمظهر الخارجي(مشوهه) خلقية او مكتسبة دائمة غير قابلة للعلاج وقد تكون 1- بالمظهر الخارجي وتسبب حرج اجتماعي 2- داخلية وتؤثر على وظائف الأعضاء الداخلية. إعانة مالية + بطاقة تخفيض أجور اركاب قزامة( الطول أقل من15%على مخطط النمو) إعانة مالية + بطاقة تخفيض أجور اركاب + اعفاء من رسوم التأشيرات قصر شديد في طرف(أكثر من 10% من طول الطرف) إعانة مالية + بطاقة تخفيض أجور اركاب + بطاقة مواقف اضطراب فكري بسيط يحدد بحسب نوع الاختبار لقياس درجة الذكاء بعد عمر السنتين إعانة مالية + بطاقة تخفيض أجور اركاب + اعفاء من رسوم التأشيرات اضطراب فكري متوسط يحدد بحسب نوع الاختبار لقياس درجة الذكاء بعد عمر السنتين إعانة مالية + بطاقة تخفيض أجور اركاب + اعفاء من رسوم التأشيرات اضطراب فكري شديد يحدد بحسب نوع الاختبار لقياس درجة الذكاء بعد عمر السنتين إعانة مالية + بطاقة تخفيض أجور اركاب + بطاقة مواقف + اعفاء من رسوم التأشيرات فقدان السمع العميق مستوى السمع يساوي 91ديسبل أو أكثر بما فيها القوقعة إعانة مالية + بطاقة تخفيض أجور اركاب + اعفاء من رسوم التأشيرات + سماعات بكم إعانة مالية + بطاقة تخفيض أجور اركاب كف أبصار(حدة الإبصار أقل من 20/200أودرجة الإبصار أقل من 20درجه بعد التصحيح) إعانة مالية + بطاقة تخفيض أجور اركاب + بطاقة مواقف + اعفاء من رسوم التأشيرات ضعف بالسمع أذن واحدة حدة السمع من 20 الى 90 ديسبل سماعة طبية من عمر اقل من ثلاث سنوات و 26 عاماً واكثر بكم مع فقدان السمع العميق بالأذنين (مستوى السمع أكثر أو يساوي 91ديسبل) مع فقدان القدرة على النطق بشكل تام إعانة مالية + بطاقة تخفيض أجور اركاب + اعفاء من رسوم التأشيرات + سماعات ضعف سمع و عيوب نطق حدة السمع من 20 الى 90 ديسبل مع عدم القدرة على نطق الكلمات بشكل طبيعي سماعات طبية من عمر اقل من ثلاث سنوات و 26 عاماً واكثر كف عين واحدة وحدة الابصار في العين الأخرى 20/70 الى 20/200 بعد التصحيح إعانة مالية + بطاقة تخفيض أجور اركاب + اعفاء من رسوم التأشيرات فقدان السمع العميق في أذن وضعف بالأذن الأخرى إعانة مالية + اعفاء من رسوم التأشيرات + سماعات من عمر اقل من ثلاث سنوات و 26 عاماً واكثر ضعف سمع بالأذنين سماعات طبية من عمر اقل من ثلاث سنوات و 26 عاماً واكثر فقدان السمع العميق بالأذنين /بكم/كف إبصار إعانة مالية + بطاقة تخفيض أجور اركاب + بطاقة مواقف + اعفاء من رسوم التأشيرات اضطرابات نفسيه(مثبت من مستشفى حكومي وتحت العلاج والمتابعة لأكثر من سنتين) لاحد الامراض التالية ( الفصام , الاضطراب الوجداني ثنائي القطب , مرض الذهان , الاكتئاب الجسيم ) إعانة مالية + بطاقة تخفيض أجور اركاب + اعفاء من رسوم التأشيرات أمراض القلب (عدم تكافؤ عمل القلب أثناء الراحة أو E.F أقل من 40%) تقبل التقارير من مراكز القلب المختصة بأحد الامراض التالية ( كفاءة عضلة القلب اقل من 40% - القلب احادي البطين - مرض القلب والمسبب لنقص الاكسجين O2SAT اقل من 90% المستمر في هواء الغرفة اثناء الراحة -ارتفاع ضغط الدم الشرياني الرئوي 60 ملم زئبقي فأكثر - القصور القلبي الانبساطي من الدرجة الرابعة ) إعانة مالية + بطاقة تخفيض أجور اركاب + بطاقة مواقف + اعفاء من رسوم التأشيرات + أجهزة طبية قصور التنفس(معتمد كليا على الأكسجين) معتمد كليا على الاكسجين على مدار 24 ساعة . إعانة مالية + بطاقة تخفيض أجور اركاب + بطاقة مواقف + اعفاء من رسوم التأشيرات استسقاء بالدماغ(المستمر) مع وجود تحويلة لتخفيف توتر السائل الدماغي إعانة مالية + بطاقة تخفيض أجور اركاب + اعفاء من رسوم التأشيرات فشل كلوي(تحت الغسيل الدموي) إعانة مالية + بطاقة تخفيض أجور اركاب + بطاقة مواقف + اعفاء من رسوم التأشيرات + أجهزة طبية فشل بالكبد سبب دوالي المري وحبن(على قائمة الزراعة) تسبب بارتفاع ضغط الوريد البابي ودوالي المريء وتجمع سوائل بالبطن وعبى قائمة انتظار الزرعة. إعانة مالية + بطاقة تخفيض أجور اركاب + اعفاء من رسوم التأشيرات فشل كلوي(تحت الغسيل البريتواني في المنزل) إعانة مالية + بطاقة تخفيض أجور اركاب + بطاقة مواقف + اعفاء من رسوم التأشيرات + أجهزة طبية أنيميا الثلاسيميا (الكبرى) مثبت باستمارة الدم الوراثية إعانة مالية + بطاقة تخفيض أجور اركاب + اعفاء من رسوم التأشيرات أنيميا منجلية( HS تساوي أو أكبر من 70%)0 مثبت باستمارة الدم الوراثية إعانة مالية + بطاقة تخفيض أجور اركاب + اعفاء من رسوم التأشيرات سيولة في الدم(وراثيه وتحتاج لنقل الدم أو أحد مركباته بصوره دائمه) مثبت باستمارة الدم الوراثية إعانة مالية + بطاقة تخفيض أجور اركاب + اعفاء من رسوم التأشيرات فقر الدم اللامصنع(غياب تام لإنتاج الدم أو أحد مكوناته) مثبت باستمارة الدم الوراثية إعانة مالية + بطاقة تخفيض أجور اركاب + اعفاء من رسوم التأشيرات ورم خبيث(تحت العلاج الشعاعي أو الكيميائي أو الجراحي أو منتشر مرحله4) إعانة مالية + بطاقة تخفيض أجور اركاب + اعفاء من رسوم التأشيرات + أجهزة طبية مرض نقص المناعة الدائم خلقي او مكتسب إعانة مالية + بطاقة تخفيض أجور اركاب + اعفاء من رسوم التأشيرات اضطراب طيف التوحد إعانة مالية + بطاقة تخفيض أجور اركاب + بطاقة توحد + اعفاء من رسوم التأشيرات متلازمة داون إعانة مالية + بطاقة تخفيض أجور اركاب + اعفاء من رسوم التأشيرات متلازمة مارفان(مترافقة بتشوهات جسدية شديدة) إعانة مالية + بطاقة تخفيض أجور اركاب + اعفاء من رسوم التأشيرات عسر تكون العظم والغضروف إعانة مالية + بطاقة تخفيض أجور اركاب + اعفاء من رسوم التأشيرات روماتويد (أدى لتشوهات في الأطراف) إعانة مالية + بطاقة تخفيض أجور اركاب + اعفاء من رسوم التأشيرات + أجهزة طبية الرنح العائلي(فريدريخ أتاكسيا) إعانة مالية + بطاقة تخفيض أجور اركاب متلازمة الصبغي الهش إعانة مالية + بطاقة تخفيض أجور اركاب صرع غير مستعصي الصرع تحت التحكم مع الانتظام على العلاج اعفاء من رسوم التأشيرات مرض قلب( وظيفة القلب طبيعية أثناء الراحة أو E.F يساوي أو أكثر من 40%) بطاقة تخفيض أجور اركاب الاسهال المضيع للكلور اعفاء من رسوم التأشيرات الزهايمر المبكر إعانة مالية + بطاقة تخفيض أجور اركاب + اعفاء من رسوم التأشيرات التغذية المحيطية غير الوريدية(أنبوب المعدة عبر الجلد، الانبوب الانفي المعدي..) بصفة دائمة إعانة مالية + بطاقة تخفيض أجور اركاب + اعفاء من رسوم التأشيرات الامراض الاستقلابية الوراثية إعانة مالية + بطاقة تخفيض أجور اركاب الزهايمر/عته الشيخوخة بطاقة تخفيض أجور اركاب + اعفاء من رسوم التأشيرات صرع(مستعصي) مضى على التشخيص سنه على الأقل ويستخدم نوعين او اكثر من الادوية ومع ذلك غير متحكم بالنوبات. إعانة مالية + بطاقة تخفيض أجور اركاب + اعفاء من رسوم التأشيرات الحساسية لمادة الغلوتين(حساسية القمح) حساسية لمادة الغلوتين مثبته بتقرير من مستشفى حكومية للعينة ( خزعة للأمعاء ) اعانة مالية مرض جلدي(السماك، المهاق الكامل، الفقاع، الثعلبة الشاملة) اعانة مالية عدم التحكم بالمخارج (دائم ومثبت بتقرير طبي) إعانة مالية + بطاقة تخفيض أجور اركاب + اعفاء من رسوم التأشيرات متلازمة (سيندروم) لم يرد ذكرها منفصلة في الجداول متلازمة لم يرد ذكرها وتسببت في إعاقة إعانة مالية + بطاقة تخفيض أجور اركاب زراعة أحد الأعضاء (السنة الأولى بعد الزراعة) اعانة مالية التغذية المحيطية الوريدية T.P.N dependent إعانة مالية + بطاقة تخفيض أجور اركاب + اعفاء من رسوم التأشيرات ملاحظة عامة ( يتم دراسة التقرير من قبل اللجنة الطبية بوحدات الخدمات الاجتماعية الداعمة وقد يتطلب الامر طلب تقرير اخر مفصل او زيارة الوحدة)"
Structural chunking,3623,637,legal_article,الثانية,التعريفات / الأحكام العامة,,https://www.hrsd.gov.sa/node/5575978,المصدر: نظام العمل السعودي الباب الأول - التعريفات / الأحكام العامة الفصل الأول المادة الثانية : النص: يقصد بالألفاظ والعبارات الآتية – أينما وردت في هذا النظام – المعاني المبينة أمامها ما لم يقتض السياق خلاف ذلك: -الوزارة: وزارة الموارد البشرية والتنمية الاجتماعية. -الوزير: وزير الموارد البشرية والتنمية الاجتماعية. -مكتب العمل: الجهة الإدارية المنوط بها شؤون العمل في النطاق المكاني الذي يحدد بقرار من الوزير. -صاحب العمل: كل شخص طبيعي أو اعتباري يشغّل عاملاً أو أكثر مقابل أجر. -العامل: كل شخص طبيعي –ذكراً أو أنثى- يعمل لمصلحة صاحب عمل وتحت إدارته أو إشرافه مقابل أجر، ولو كان بعيداً عن نظارته. -الحدث: الشخص الذي أتم الخامسة عشرة من عمره ولم يبلغ الثامنة عشرة. -العمل: الجهد المبذول في النشاطات الإنسانية كافة، تنفيذاً لعقد عمل (مكتوب أو غير مكتوب) بصرف النظر عن طبيعتها أو نوعها، صناعية كانت أو تجارية، أو زراعية أو فنية، أو غيرها، عضلية كانت أو ذهنية. -العمل الأصلي: بالنسبة للأفراد: موضوع نشاطهم المعتاد، وبالنسبة للمنشآت: الأعمال التي أنشئت المنشأة من أجل القيام بها والمنصوص عليها في عقد تأسيسها أو في عقد الامتياز – إن كانت من شركات الامتياز – أو في السجل التجاري. -العمل المؤقت: العمل الذي يدخل بطبيعته فيما يزاوله صاحب العمل من نشاط وتقتضي طبيعة إنجازه مدة محددة، أو ينصب على عمل بذاته وينتهي بانتهائه، ولا يتجاوز في الحالتين تسعين يوماً. -العمل العرضي: العمل الذي لا يدخل بطبيعته فيما يزاوله صاحب العمل في نشاطه المعتاد، ولا يستغرق تنفيذه أكثر من تسعين يوماً. -العمل الموسمي: العمل الذي يتم في مواسم دورية متعارف عليها. -العمل لبعض الوقت: العمل الذي يؤديه عامل غير متفرغ لدى صاحب عمل ولساعات عمل تقل عن نصف ساعات العمل اليومية المعتادة لدى المنشأة، سواء كان هذا العامل يؤدي ساعات عمله يومياً أو بعض أيام الأسبوع. -الخدمة المستمرة: خدمة العامل غير المنقطعة مع صاحب العمل نفسه أو خلفه النظامي، من تاريخ ابتداء الخدمة. وتعد الخدمة مستمرة في الحالات الآتية: 1.الإجازات والعطل المقررة نظاماً. 2.فترة الانقطاع لأداء الامتحانات وفقاً لما هو منصوص عليه في هذا النظام. 3.حالات غياب العامل عن عمله بدون أجر التي لا تزيد مدتها على عشرين يوماً متقطعة خلال سنة العمل. -الإسناد: خدمة توفير عامل للعمل لدى غير صاحب العمل وذلك من خلال منشأة مرخص لها لهذا الغرض. -الاستقالة: إفصاح العامل كتابة عن رغبته دون إكراه في إنهاء عقد عمل محدد المدة دون تعليق على قيد أو شرط، وقبول صاحب العمل بها. -الأجر الأساسـي: كل ما يعطى للعامل مقابل عمله، بموجب عقد عمل مكتوب أو غير مكتوب، مهما كان نوع الأجر أو طريقة أدائه، مضافاً إليه العلاوات الدورية. -الأجر الفعلي: الأجر الأساسي مضافاً إليه سائر الزيادات المستحقة الأخرى التي تتقرر للعامل مقابل جهد بذله في العمل، أو مخاطر يتعرض لها في أداء عمله، أو التي تتقرر للعامل لقاء العمل بموجب عقد العمل أو لائحة تنظيم العمل. ومن ذلك: 1- العمولة، أو النسبة المئوية من المبيعات، أو النسبة المئوية من الأرباح، التي تدفع مقابل ما يقوم بتسويقه، أو إنتاجه، أو تحصيله، أو ما يحققه من زيادة الإنتاج أو تحسينه. 2- البدلات التي يستحقها العامل لقاء طاقة يبذلها، أو مخاطر يتعرض لها في أداء عمله. 3- الزيادات التي قد تمنح وفقاً لمستوى المعيشة، أو لمواجهة أعباء العائلة. 4- المنحة أو المكافأة: هي التي يعطيها صاحب العمل للعامل، وما يصرف له جزاء أمانته، أو كفايته، وما شابه ذلك، إذا كانت هذه المنحة أو المكافأة مقررة في عقد العمل، أو لائحة تنظيم العمل للمنشأة، أو جرت العادة بمنحها، حتى أصبح العمال يعدونها جزءاً من الأجر لا تبرعاً. 5- الميزات العينية: هي التي يلتزم صاحب العمل بتوفيرها للعامل مقابل عمله، بالنص عليها في عقد العمل أو في لائحة تنظيم العمل. وتقدر بحد أقصى يعادل الأجر الأساسي لمدة شهرين عن كل سنة ما لم تقدر في عقد العمل أو لائحة تنظيم العمل بما يزيد على ذلك. -الأجر: الأجر الفعلي. -المنشأة: كل مشروع يديره شخص طبيعي، أو اعتباري، يشغًل عاملاً أو أكثر، لقاء أجر أياً كان نوعه. -الشهر: ثلاثون يوماً ما لم ينص على خلاف ذلك في عقد العمل أو في لائحة تنظيم العمل. -اللائحة: اللائحة التنفيذية لهذا النظام.
Structural chunking,2606,450,legal_article,الثلاثون بعد المائتين,العقوبات,,https://www.hrsd.gov.sa/node/5576057,المصدر: نظام العمل السعودي الباب الخامس عشر - العقوبات المادة الثلاثون بعد المائتين: النص: للوزارة - بقرار من الوزير أو من ينيبه - إيقاع العقوبتين أو إحداهما المنصوص عليهما في الفقرتين الفرعيتين (أ) و(ب) من الفقرة (1) من المادة (التاسعة والعشرين بعد المائتين) من هذا النظام، بما لا يتجاوز نصف الحد الأعلى المقرر لأيً منهما، ويجوز التظلم من القرار الصادر بالعقوبة أمام المحكمة الإدارية المختصة . يصدر - بقرار من الوزير - جدول تحدد فيه المخالفات والعقوبات المقابلة لها التي لا تتجاوز نصف الحد الأعلى للعقوبتين الواردتين في الفقرتين الفرعيتين (أ) و(ب) من الفقرة (1) من المادة (التاسعة والعشرين بعد المائتين) من هذا النظام ، ويراعى في ذلك التدرج في تحديد مقدارها وتناسبها مع جسامة المخالفة . يصدر - بقرار من الوزير - جدول تحدد فيه المخالفات التي تتجاوز عقوباتها نصف الحد الأعلى للعقوبتين الواردتين في الفقرتين الفرعيتين (أ) و(ب) من الفقرة (1) من المادة (التاسعة والعشرين بعد المائتين) من هذا النظام ، وتحدد فيه كذلك المخالفات التي تكون عقوبتها العقوبة الواردة في الفقرة الفرعية (ج) من الفقرة (1) من المادة المذكورة . إذا كانت المخالفة تستوجب عقوبة تزيد على نصف الحد الأعلى المقرر لها ، أو كانت من المخالفات التي تستوجب عقوبة الإغلاق النهائي للمنشأة ، وفقاً للجدول المنصوص عليه في الفقرة (3) من هذه المادة ؛ فترفع الوزارة دعوى أمام المحكمة المختصة للنظر فيها وإيقاع العقوبة المناسبة المنصوص عليها في المادة (التاسعة والعشرين بعد المائتين) من هذا النظام. يجوز الاتفاق بين الوزارة والمخالف على تسوية المخالفة ، وذلك بدفع مبلغ الغرامة الذي تقدره الوزارة ، على أن يصدر بهذه التسوية قرار من الوزير أو من ينيبه. يصدر - بقرار من الوزير - جدول تحدد فيه المخالفات والعقوبات المقابلة لها التي لا تتجاوز نصف الحد الأعلى للعقوبتين الواردتين في الفقرتين الفرعيتين (أ) و(ب) من الفقرة (1) من المادة (التاسعة والعشرين بعد المائتين) من هذا النظام ، ويراعى في ذلك التدرج في تحديد مقدارها وتناسبها مع جسامة المخالفة . يصدر - بقرار من الوزير - جدول تحدد فيه المخالفات التي تتجاوز عقوباتها نصف الحد الأعلى للعقوبتين الواردتين في الفقرتين الفرعيتين (أ) و(ب) من الفقرة (1) من المادة (التاسعة والعشرين بعد المائتين) من هذا النظام ، وتحدد فيه كذلك المخالفات التي تكون عقوبتها العقوبة الواردة في الفقرة الفرعية (ج) من الفقرة (1) من المادة المذكورة . إذا كانت المخالفة تستوجب عقوبة تزيد على نصف الحد الأعلى المقرر لها ، أو كانت من المخالفات التي تستوجب عقوبة الإغلاق النهائي للمنشأة ، وفقاً للجدول المنصوص عليه في الفقرة (3) من هذه المادة ؛ فترفع الوزارة دعوى أمام المحكمة المختصة للنظر فيها وإيقاع العقوبة المناسبة المنصوص عليها في المادة (التاسعة والعشرين بعد المائتين) من هذا النظام. يجوز الاتفاق بين الوزارة والمخالف على تسوية المخالفة ، وذلك بدفع مبلغ الغرامة الذي تقدره الوزارة ، على أن يصدر بهذه التسوية قرار من الوزير أو من ينيبه.
Structural chunking,2317,403,faq,,,,https://www.hrsd.gov.sa/contact-us/faq,"المصدر: HRSD FAQ التصنيف: العمالة المنزلية | كبار السن | | مركز الرياض للسياسات السلوكية السؤال: ما هي الخطوات الرئيسية لطلب الاطلاع أو الحصول على المعلومات العامة ؟ الإجابة: أولاً: يتم تقديم الطلبات عن طريق ملء "" نموذج طلب الحصول على المعلومة "" – إلكتروني– وتقديمه للوزارة. ثانياً: تقوم الوزارة خلال فترة زمنية محددة (30) يوماً من استلام طلب الاطلاع أو الحصول على المعلومات العامة باتخاذ أحد القرارات التالية: الموافقة: في حال تمت الموافقة على طلب الوصول إلى المعلومات أو الحصول عليها كلياً أو جزئياً فيجب إشعار مقدم الطلب إلكترونيا بالرسوم المطبقة (إن وجدت)، وسيتم إتاحة هذه المعلومات للطالب خلال فترة زمنية لا تتجاوز (10) أيام عمل من استلام المبلغ. الرفض: في حال تم رفض طلب الوصول إلى المعلومات أو الحصول عليها، فيجب أن يكون الرفض إلكترونيا على أن يتضمن المعلومات التالية: تحديد ما إذا كان رفض الطلب كلياً أو جزئياً. تحديد ما إذا كان رفض الطلب كلياً أو جزئياً. أسباب الرفض إن أمكن أسباب الرفض إن أمكن الحق في التظلم على هذا الرفض وكيفية ممارسة هذا الحق. الحق في التظلم على هذا الرفض وكيفية ممارسة هذا الحق. التمديد : في حال عدم إمكانية معالجة طلب الوصول إلى المعلومات في الوقت المحدد، سيتم تمديد الفترة الزمنية التي سيتم الرد فيها بمدة معقولة حسب حجم وطبيعة المعلومات المطلوبة – على سبيل المثال لا تتجاوز (30) يوماً إضافياً – وتزويد مقدم الطلب بالمعلومات الآتية: إشعار التمديد والتاريخ المتوقع فيه اكمال الطلب. إشعار التمديد والتاريخ المتوقع فيه اكمال الطلب. أسباب التأخير أسباب التأخير الحق في التظلم على هذا التمديد وكيفية ممارسة هذا الحق. الحق في التظلم على هذا التمديد وكيفية ممارسة هذا الحق. الإشعار: في حال كانت المعلومات المطلوبة متاحة على موقع الوزارة، أو ليست من اختصاصه، فيجب إشعار مقدم الطلب بذلك إلكترونياً على أن تتضمن المعلومات التالية: نوع الإشعار – على سبيل المثال البيانات المطلوبة متاحة على موقع الصندوق – أو ليست من اختصاصه. نوع الإشعار – على سبيل المثال البيانات المطلوبة متاحة على موقع الصندوق – أو ليست من اختصاصه. الحق في التظلم على هذا الإشعار وكيفية ممارسة هذا الحق. الحق في التظلم على هذا الإشعار وكيفية ممارسة هذا الحق. ثالثا: في حالة رغبة مقدم الطلب في التظلم على رفض الطلب من قبل الوزارة، فيمكنه تقديم إشعار إلكتروني بالتظلم عن طريق مكتب إدارة البيانات في الجهة خلال فترة زمنية لا تتجاوز (10) أيام عمل من استلامه لقرار الوزارة، وتقوم لجنة التظلم بمكتب إدارة البيانات بمراجعة الطلب واتخاذ القرار المناسب وإشعار مقدم الطلب برسوم المراجعة (إن وجد) – يتم استرجاعها في حال موافقة اللجنة على"
Structural chunking,2164,414,faq,,,قطاع العمل,https://www.hrsd.gov.sa/contact-us/faq,المصدر: HRSD FAQ التصنيف: أعمال | العمالة المنزلية | عامل | كبار السن | قطاع العمل | مركز الرياض للسياسات السلوكية السؤال: ماذا لو تسبب العامل بأي تلفيات؟ الإجابة: وفقاً لنص المادة (91) من نظام العمل السعودي: 1- إذا تسبب عامل في فقد أو إتلاف أو تدمير آلات أو منتجات يملكها صاحب العمل أو هي في عهدته وكان ذلك ناشئًا عن خطأ العامل أو مخالفته تعليمات صاحب العمل ولم يكن نتيجة لخطأ الغير أو ناشئًا عن قوة قاهرة، فلصاحب العمل أن يقتطع من أجر العامل المبلغ اللازم للإصلاح أو لإعادة الوضع إلى ما كان عليه على ألا يزيد ما يقتطع لهذا الغرض على أجر خمسة أيام في كل شهر ، ولصاحب العمل الحق في التظلم عند الاقتضاء، وذلك بطلب ما هو أكثر من ذلك إذا كان للعامل مال آخر يمكن الاستيفاء منه، وللعامل أن يتظلم مما نسب إليه أو من تقدير صاحب العمل للتعويض أمام هيئة تسوية الخلافات العمالية، فإذا حكمت بعدم أحقية صاحب العمل في الرجوع على العامل بما اقتطعه منه أو حكمت بأقل منه وجب على صاحب العمل أن يرد إلى العامل ما اقتطع منه دون وجه حق خلال سبعة أيام من تاريخ صدور الحكم. 2 - يكون تظلم أي من الطرفين خلال خمسة عشر يوم عمل، وإلا سقط الحق فيه، ويبدأ موعد التظلم بالنسبة إلى صاحب العمل من تاريخ اكتشاف الواقعة، وبالنسبة إلى العامل من تاريخ إبلاغ صاحب العمل له بذلك. لا يجوز حسم أي مبلغ من أجور العامل لقاء حقوق خاصة دون موافقة خطية منه، إلا في الحالات الآتية: 1 - استرداد قروض صاحب العمل، بشرط ألا يزيد ما يحسم من العامل في هذه الحالة على 10% من أجره. 2 - اشتراكات التأمينات الاجتماعية، وأي اشتراكات أخرى مستحقة على العامل ومقررة نظامًا. 3 - اشتراكات العامل في صندوق الادخار والقروض المستحقة للصندوق. 4 - أقساط أي مشروع يقوم به صاحب العمل لبناء المساكن بقصد تمليكها للعمال أو أي مزية أخرى. 5 - الغرامات التي توقع على العامل بسبب المخالفات التي يرتكبها، وكذلك المبلغ الذي يقتطع منه مقابل ما أتلفه. 6 - استيفاء دين إنفاذًا لأي حكم قضائي، على ألَّا يزيد ما يحسم شهريًّا لقاء ذلك على ربع الأجر المستحق للعامل ما لم يتضمن الحكم خلاف ذلك. ويستوفى دين النفقة أولًا، ثم دين المأكل والملبس والمسكن قبل الديون الأخرى. لا يجوز في جميع الأحوال -أن تزيد نسبة المبالغ المحسومة على نصف أجر العامل، إلا إذا ثبت لدى هيئة تسوية الخلافات العمالية إمكانية الزيادة على هذه النسبة، أو يثبت لديها حاجة العامل إلى أكثر من نصف أجره، وفي هذه الحالة الأخيرة لا يعطي العامل أكثر من ثلاثة أرباع أجره، مهما كان الأمر.
Structural chunking,1816,330,legal_article,الخامسة والستون,علاقات العمل,,https://www.hrsd.gov.sa/node/5576001,المصدر: نظام العمل السعودي الباب الخامس - علاقات العمل الفصل الثاني المادة الخامسة والستون: النص: بالإضافة إلى الواجبات المنصوص عليها في هذا النظام واللوائح والقرارات الصادرة تطبيقاً له ، يجب على العامل : أن ينجز العمل وفقاً لأصول المهنة ووفق تعليمات صاحب العمل ، إذا لم يكن في هذه التعليمات ما يخالف العقد أو النظام أو الآداب العامة ، ولم يكن في تنفيذها ما يعرض للخطر . أن يعتني عناية كافية بالآلات والأدوات والمهمات والخامات المملوكة لصاحب العمل الموضوعة تحت تصرفه ، أو التي تكون في عهدته ، وأن يعيد إلى صاحب العمل المواد غير المستهلكة . أن يلتزم حسن السلوك والأخلاق أثناء العمل . أن يقدم كل عون ومساعدة دون أن يشترط لذلك أجراً إضافيا في حالات الكوارث و الأخطار التي تهدد سلامة مكان العمل أو الأشخاص العاملين فيه . أن يخضع – وفقاً لطلب صاحب العمل – للفحوص الطبية التي يرغب في إجرائها عليه قبل الإلتحاق بالعمل أو أثناءه، للتحقق من خلوه من الأمراض المهنية أو السارية . أن يحفظ الأسرار الفنية والتجارية والصناعية للمواد التي ينتجها ، أو التي أسهم في إنتاجها بصورة مباشرة أو غير مباشرة ، وجميع الأسرار المهنية المتعلقة بالعمل أو المنشأة التي من شأن إفشائها الإضرار بمصلحة صاحب العمل . أن يعتني عناية كافية بالآلات والأدوات والمهمات والخامات المملوكة لصاحب العمل الموضوعة تحت تصرفه ، أو التي تكون في عهدته ، وأن يعيد إلى صاحب العمل المواد غير المستهلكة . أن يلتزم حسن السلوك والأخلاق أثناء العمل . أن يقدم كل عون ومساعدة دون أن يشترط لذلك أجراً إضافيا في حالات الكوارث و الأخطار التي تهدد سلامة مكان العمل أو الأشخاص العاملين فيه . أن يخضع – وفقاً لطلب صاحب العمل – للفحوص الطبية التي يرغب في إجرائها عليه قبل الإلتحاق بالعمل أو أثناءه، للتحقق من خلوه من الأمراض المهنية أو السارية . أن يحفظ الأسرار الفنية والتجارية والصناعية للمواد التي ينتجها ، أو التي أسهم في إنتاجها بصورة مباشرة أو غير مباشرة ، وجميع الأسرار المهنية المتعلقة بالعمل أو المنشأة التي من شأن إفشائها الإضرار بمصلحة صاحب العمل . ثالثاً: قواعد التأديب
Structural chunking,1810,299,faq,,,,https://www.hrsd.gov.sa/contact-us/faq,المصدر: HRSD FAQ التصنيف: أفراد | العمالة المنزلية | كبار السن | | مركز الرياض للسياسات السلوكية السؤال: هل تحتاج خدمات لذوي الإعاقة ؟ الإجابة: 1. يمكن للأشخاص ذوي الإعاقة من التقديم على الخدمة وارفاق التقرير الطبي لكي يتم تقيييمه من قبل الطبيب المختص من خلال خدمة تقييم الإعاقة 2. خدمة اشعارات اهلية القبول بمراكز الرعاية النهارية الاهلية تمكن الأشخاص ذوي الإعاقة المسجلين لدى الوزارة والذين تم تقييم إعاقتهم من تقديم طلب خلال فترة التسجيل للحصول على اشعار قبول بمراكز الرعاية النهارية الأهلية 3. خدمة الإعانات المالية للأشخاص ذوي الإعاقة تمكن الأشخاص ذوي الإعاقة المسجلين لدى الوزارة والذين تم تقييم إعاقتهم من تقديم طلب للحصول على الإعانة المالية الشهرية للأشخاص ذوي الإعاقة 4. خدمة طلب الاعانة المالية للأجهزة الطبية المعينة تمكن الأشخاص ذوي الإعاقة المسجلين لدى الوزارة والذين تم تقييم إعاقتهم من تقديم طلب للحصول على جهاز أو اكثر من جهاز بمقاسات مختلفة حسب حاجة المستفيد 5. خدمة طلب منح أعفاء من رسوم التأشيرة تمكن الأشخاص ذوي الإعاقة من الاستفادة من الاعفاء من رسوم التأشيرات عند الرغبة في استقدام مهن معينة 6. خدمة طلب بطاقة التسهيلات المرورية تمكن الأشخاص ذوي الإعاقة من الاستفادة من الاعفاء من التسهيلات التي تقدمها الإدارة العامة للمرور لتسهيل الحركة المرورية لذوي الإعاقة 7. تقدم خدمة اصدار بطاقة اضطرب التوحد إمكانية اصدار بطاقة اضطراب التوحد للأشخاص ذوي اضطراب التوحد في البوابة الالكترونية وذلك عن طريق توفير بطاقات الالكترونية تمكنهم من الحصول على الأولوية في الخدمات عند مراجعة المستشفيات والمراكز الصحية وغيرها بكل سهوله 8. تقدم خدمة اصدار مشهد أعاقة إمكانية اصدار بطاقة اضطراب التوحد للأشخاص ذوي اضطراب التوحد في البوابة الالكترونية وذلك عن طريق توفير بطاقات الالكترونية تمكنهم من الحصول على الأولوية في الخدمات عند مراجعة المستشفيات والمراكز الصحية وغيرها بكل سهوله 9. تتيح خدمة الاعتراض على إيقاف الاعانة المالية لذوي الإعاقة تقديم طلب اعتراض في حال إيقاف الصرف عنهم أو عن احد التابعين لهم
Structural chunking,1575,254,faq,,,قطاع العمل,https://www.hrsd.gov.sa/contact-us/faq,المصدر: HRSD FAQ التصنيف: أعمال | العمالة المنزلية | عامل | كبار السن | قطاع العمل | مركز الرياض للسياسات السلوكية السؤال: كيف يمكن التأكد من أن نطاق المنشأة يعكس النطاق الحقيقي الذي تستحقه؟ الإجابة: على المنشآت إتباع الخطوات التالية لتعديل بياناتهم والحصول على التقييم الحقيقي: التأكد من تطابق رقم المنشأة في الاستقدام مع بيانات المنشاة في أنظمة وزارة الموارد البشرية والتنمية الاجتماعية والمؤسسة العامة للتأمينات الاجتماعية ووزارة الداخلية، في حالة عدم وجود ملف للمنشأة لدى التأمينات الاجتماعية فعلى المنشأة المسارعة بفتح ملف لها مع تسجيل كافة موظفيها التأكد من تسجيل جميع الموظفين السعوديين في نظام المؤسسة العامة للتأمينات الاجتماعية لاحتسابهم في عدد العمالة الإجمالي للمنشأة وبالتالي تحديد العدد الحقيقي لموظفي المنشأة تسديد كافة الرسوم المستحقة على جميع العمالة لدى المؤسسة العامة للتأمينات الاجتماعية حيث أنه لن يتم احتساب نسبة التوطين أن وجد هناك عمالة لم يتم السداد عنهم لدى المؤسسة العامة للتأمينات الاجتماعية التأكد من ربط الموظفين السعوديين بفروع المنشأة من خلال موقع التأمينات الاجتماعية التأمينات أون لاين لأنه لن يتم احتساب الموظفين السعوديين الذين لم يتم ربطهم بفروع المنشأة حتى إن تم سداد كامل الرسوم المستحقة عليهم في التأمينات الاجتماعية سيدخل أصحاب العمل في حساب نسبة التوطين في منشأته الفردية دون الحاجة لدفع رسوم تأمين شريطة ألا يكون مشتركاً في التأمينات لدى منشأة أخرى، وفي حال كان لدى صاحب العمل أكثر من منشأة فردية فسيتم احتسابه في نسب التوطين في الفرع الرئيسي فقط يحق للشركاء في الشركات الذين يعملون لدى المنشأة تسجيل أسماءهم في التأمينات الاجتماعية كمشتركين وسيتم احتسابهم في نسبة التوطين بشرط تسديد رسوم التأمينات وألا يكونوا مشتركين في منشأة أخرى
Structural chunking,1417,258,faq,,,قطاع العمل,https://www.hrsd.gov.sa/contact-us/faq,"المصدر: HRSD FAQ التصنيف: أعمال | العمالة المنزلية | عامل | كبار السن | قطاع العمل | مركز الرياض للسياسات السلوكية السؤال: متى يكون إنهاء العقد؟ الإجابة: إذا كان العقد غير محدد المدة، جاز لأي من طرفيه إنهاؤه بناءً على سبب مشروع يجب بيانه بموجب إشعار يوجه إلى الطرف الآخر كتابةً قبل الإنهاء بمدة تحدد في العقد، على ألا تقل عن ستين يوماً إذا كان أجر العامل يدفع شهريًّا، ولا تقل عن ثلاثين يوماً بالنسبة إلى غيره. إذا كان الإشعار من جانب صاحب العمل، فيحق للعامل أن يتغيب خلال مهلة الإشعار يوماً كاملاً في الأسبوع أو ثماني ساعات أثناء الأسبوع، وذلك للبحث عن عمل آخر مع استحقاقه لأجر هذا اليوم أو ساعات الغياب. ويكون للعامل تحديد يوم الغياب وساعاته بشرط أن يُشعر صاحب العمل بذلك في اليوم السابق للغياب على الأقل. ولصاحب العمل أن يعفي العامل من العمل أثناء مهلة الإشعار مع احتساب مدة خدمته مستمرة إلى حين انتهاء تلك المهلة، والتزام صاحب العمل بما يترتب على ذلك من آثار وبخاصة استحقاق العامل أجره عن مهلة الإشعار. يحق للعامل أن يترك العمل دون إشعار مع احتفاظه بحقوقه النظامية كلها في حالات معينة. (بحسب ما نصت عليه المادة ""81"" من نظام العمل السعودي.) لا يجوز لصاحب العمل فسخ العقد دون مكافأة العامل، أو إشعاره، أو تعويضه؛ إلا في الحالات الآتية، وبشرط أن يتيح له الفرصة لكي يبدي أسباب معارضته للفسخ (بحسب ما نصت عليه المادة ""80"" من نظام العمل السعودي.) لا يجوز لصاحب العمل إنهاء خدمة العامل بسبب المرض قبل استنفاذ المدة المحددة للإجازة المنصوص عليها في المادة (117) من النظام، وللعامل الحق في طلب وصل إجازته المرضية بالسنوية."
Structural chunking,1412,247,faq,,,,https://www.hrsd.gov.sa/contact-us/faq,المصدر: HRSD FAQ التصنيف: أفراد | العمالة المنزلية | كبار السن | | مركز الرياض للسياسات السلوكية السؤال: هل تبحث عن عمل أو تأهيل لسوق العمل؟ الإجابة: 1. يتم من خلال منصة العمل عن بعد إجراءات التعاقد بين المنشأة والباحث عن عمل عن بعد من خلال الخدمات التي تقدمها الوزارة أدناه: a. انشاء السيرة الذاتية للباحث عن عمل من خلال خدمة بناء السيرة الذاتية b.تقديم طلب وظيفة من خلال استعراض الباحث على الوظائف المعروضة في المنصة من خلال خدمة بحث عن الوظائف وتحديد الوظيفة و اختيار التقديم عليها 2. يتم من خلال منصة العمل المرن إجراءات التعاقد بين المنشأة والباحث عن عمل مرن خلال الخدمات التي تقدمها الوزارة أدناه: a. يتم الاطلاع على العقد وتفاصيله والموافقة او الرفض على العقد من قبل الباحث و ذلك من خلال خدمة الموافقة على العقد 3.يتم من خلال منصة العمل الحر إصدار وثائق العمل الحر لممارسي العمل الحر وتوفير مزايا وخدمات ومحفزات من خلال الخدمات التي تقدمها الوزارة ادناه : a. تقديم طلب إصدار وثيقة عمل حر من خلال خدمة إصدار وثيقة العمل الحر b. تقديم طلب تجديد وثيقة العمل الحر عند انتهاء صلاحيتها من خلال خدمة تجديد وثيقة العمل الحر 4. كما يمكن للمواطنين السعوديين من خلال منصة جدارة تسجيل بياناتهم الشخصية ومؤهلاتهم وخبراتهم العملية و إرفاق الوثائق اللازمة بالإضافة إلى توفير خدمة التقديم الإلكتروني على الوظائف الشاغرة التي يتم طرحها و الإعلان عنها من قِبل الجهات الحكومية 5. يمكن لطالبي العمل للوظائف المساندة (وظائف المستخدمين وبند الأجور) من تسجيل البيانات الشخصية،وذلك بغرض إتاحة معلوماتهم للمختصين من خلال منصة ساعد
Structural chunking,1325,238,faq,,,قطاع العمل,https://www.hrsd.gov.sa/contact-us/faq,المصدر: HRSD FAQ التصنيف: أعمال | العمالة المنزلية | عامل | كبار السن | قطاع العمل | مركز الرياض للسياسات السلوكية السؤال: ماهي الأجور؟ الإجابة: الأجر الأساسي: كل ما يعطى للعامل مقابل عمله، بموجب عقد عمل مكتوب أو غير مكتوب، مهما كان نوع الأجر أو طريقة أدائه، مضافًا إليه العلاوات الدورية. الأجر الفعلي: الأجر الأساسي مضافًا إليه سائر الزيادات المستحقة الأخرى التي تتقرر للعامل مقابل جهد بذله في العمل، أو مخاطر يتعرض لها في أداء عمله، أو التي تتقرر للعامل لقاء العمل بموجب عقد العمل أو لائحة تنظيم العمل. ومن ذلك: العمولة، أو النسبة المئوية من المبيعات، أو النسبة المئوية من الأرباح، التي تدفع مقابل ما يقوم بتسويقه، أو إنتاجه، أو تحصيله، أو ما يحققه من زيادة الإنتاج أو تحسينه. البدلات التي يستحقها العامل لقاء طاقة يبذلها، أو مخاطر يتعرض لها في أداء عمله. الزيادات التي قد تمنح وفقًا لمستوى المعيشة، أو لمواجهة أعباء العائلة. المنحة أو المكافأة: هي التي يعطيها صاحب العمل للعامل، وما يصرف له جزاء أمانته، أو كفايته، وما شابه ذلك، إذا كانت هذه المنحة أو المكافأة مقررة في عقد العمل، أو لائحة تنظيم العمل للمنشأة، أو جرت العادة بمنحها، حتى أصبح العمال يعدونها جزءًا من الأجر لا تبرعًا. الميزات العينية: هي التي يلتزم صاحب العمل بتوفيرها للعامل مقابل عمله، بالنص عليها في عقد العمل أو في لائحة تنظيم العمل. وتقدر بحد أقصى يعادل الأجر الأساسي لمدة شهرين عن كل سنة، ما لم تقدر في عقد العمل أو لائحة تنظيم العمل بما يزيد على ذلك.
Structural chunking,1313,250,legal_article,الثمانون,علاقات العمل,,https://www.hrsd.gov.sa/node/5576001,المصدر: نظام العمل السعودي الباب الخامس - علاقات العمل الفصل الثالث المادة الثمانون: النص: لا يجوز لصاحب العمل فسخ العقد دون مكافأة العامل ، أو إشعاره ، أو تعويضه ؛ إلا في الحالات الآتية ، وبشرط أن يتيح له الفرصة لكي يبدي أسباب معارضته للفسخ : إذا وقع من العامل اعتداء على صاحب العمل أو المدير المسئول أو أحد رؤسائه أو مرؤوسيه أثناء العمل أو بسببه. إذا لم يؤدِ العامل التزاماته الجوهرية المترتبة على عقد العمل أو لم يطع الأوامر المشروعة أو لم يراعِ عمداً التعليمات - التي أعلن عنها صاحب العمل في مكان ظاهر - الخاصة بسلامة العمل والعمال رغم إنذاره كتابة . إذا ثبت اتباع العامل سلوكاً سيئاً ، أو ارتكابه عملاً مخلاً بالشرف أو الأمانة . إذا وقع من العامل - عمداً - أيُّ فعلٍ أو تقصيرٍ يقصد به إلحاق خسارة مادية بصاحب العمل ، بشرط أن يبلغ صاحب العمل الجهات المختصة بالحادث خلال أربع وعشرين ساعة من وقت علمه بوقوعه . إذا ثبت أن العامل لجأ إلى التزوير ليحصل على العمل . إذا كان العامل معيناً تحت الاختبار . إذا تغيب العامل دون سبب مشروع أكثر من ثلاثين يوماً خلال السنة العقدية الواحدة أو أكثر من خمسة عشر يوماً متتالية ، على أن يسبق الفصل إنذار كتابي من صاحب العمل للعامل بعد غيابه عشرين يوماً في الحالة الأولى وانقطاعه عشرة أيام في الحالة الثانية . إذا ثبت أن العامل استغل مركزه الوظيفي بطريقة غير مشروعة للحصول على نتائج ومكاسب شخصية . إذا ثبت أن العامل أفشى الأسرار الصناعية أو التجارية الخاصة بالعمل الذي يعمل فيه .
Structural chunking,1296,236,faq,,,قطاع الخدمة المدنية (العام),https://www.hrsd.gov.sa/contact-us/faq,المصدر: HRSD FAQ التصنيف: أفراد | العمالة المنزلية | كبار السن | قطاع الخدمة المدنية (العام) | مركز الرياض للسياسات السلوكية السؤال: هل يجوز تنازل الموظف عن الترقية التي حصل عليها سواء عن طريق المفاضلة أو المسابقة وما الذي يترتب على ذلك؟ الإجابة: الأصل أنه لا يجوز للموظف التنازل عن ترقيته التي حصل عليها عن طريق المفاضلة أو المسابقة لأن التنازل ليس حقاً للموظف، ولكن يجوز للإدارة أن تطلب التنازل في حالة تصحيح وضع نظامي أو وظيفي أو متى رأت أن هناك ظروف اضطرارية للموظف استدعته للتنازل عن ترقيته، وفي هذه الحالة وهي إقرار التنازل يترتب على ذلك الآتي: 1. يعاد إلى وظيفته ومرتبته السابقة براتبه الذي كان يتقاضاه عليها ويسوى راتبه بالعلاوة الدورية إذا كانت مستحقة. 2. لا يسترد منه ما صرف له من زيادة في الراتب نتيجة للترقية إلى المرتبة الأعلى حتى عودته إلى مرتبته السابقة، لأنه قد أدى العمل المقابل له من تلك المرتبة، ذلك لأن الراتب هو الأجر المقرر نظاماً لهذا العمل. 3. يعود إلى وضعه السابق بالنسبة لأقدميته في المرتبة المتنازل إليها قبل التنازل ذلك أن هذه الأقدمية لا يمكن إهدارها لأنها حق اكتسبه الموظف من الناحية النظامية، ولا يجوز حرمانه منه إلا بنص صريح. 4. لا يمنع من عودة الموظف إلى مقر عمله السابق إذا كان في جهة أخرى استحقاقه لبدل الترحيل الذي صرف له إذا كان النقل نتيجة الترقية، لأن بدل الترحيل قد صرف بسبب نظامي نتيجة للنقل الفعلي للموظف ولا يستحق بدل ترحيل آخر نتيجة لتنازله عن الترقية.
Structural chunking,1236,195,faq,,,قطاع الخدمة المدنية (العام),https://www.hrsd.gov.sa/contact-us/faq,المصدر: HRSD FAQ التصنيف: أفراد | العمالة المنزلية | كبار السن | قطاع الخدمة المدنية (العام) | مركز الرياض للسياسات السلوكية السؤال: ما مدى إمكانية تطبيق أحكام التدريب الواردة في اللائحة التنفيذية للموارد البشرية في الخدمة المدنية على المستخدمين والعمال المعينين على بند الأجور في حالة الحاجة إلى إلحاقهم بدورات تدريبية؟ الإجابة: تنص المادة (9) من لائحة المستخدمين على أن (يصرف لشاغلي وظائف المستخدمين البدلات والمكافآت والتعويضات والمزايا التي تصرف لشاغلي المرتبة الأولى من نظام الخدمة المدنية...إلخ، كما تنص المادة (14) من لائحة المستخدمين على أنه (فيما لم تنظمه المواد السابقة تسري قواعد نظام الخدمة المدنية ولوائحه على المستخدمين)، وتنص المادة (11) من لائحة المعينين على بند الأجور على أن (يعامل المعينون على بند الأجور من حيث ساعات العمل والإجازات والعطل الرسمية والبدلات بما فيها بدل النقل والعلاوة الإضافية والمكافأة التشجيعية والتدريب طبقاً لما هو مقرر لشاغلي وظائف المستخدمين)، وعلى ضوء النصوص المتقدمة فإن أحكام التدريب الواردة في اللائحة التنفيذية للموارد البشرية في الخدمة المدنية تسري على المستخدمين والعمال المعينين على بند الأجور متى ما توافرت لديهم الضوابط المحددة لذلك، ويمكن تدريب المستخدمين والعمال المعينين على بند الأجور للرفع من مستواهم في مجال طبيعة عملهم أو في حالة الرغبة إلى إعدادهم وتوجيههم لمجالات عمل جديدة.
Structural chunking,1209,221,faq,,,قطاع الخدمة المدنية (العام),https://www.hrsd.gov.sa/contact-us/faq,المصدر: HRSD FAQ التصنيف: أفراد | العمالة المنزلية | كبار السن | قطاع الخدمة المدنية (العام) | مركز الرياض للسياسات السلوكية السؤال: ما مدى تأثر بدل النقل الإضافي الذي يصرف للموظف المنتدب في حالة ما إذا دفعت الجهة أجرة السيارة من وإلى مكان الانتداب؟ الإجابة: : إن المادة (41/أ) من لائحة الحقوق والمزايا لمالية نصت على أن يؤمن للموظف تذكرة إركاب بالطائرة ذهاباً وإياباً في الحالات الآتية: - إذا انتدب في الداخل أو الخارج مدة لا تزيد على تسعين يوماً.. فإذا كان السفر إلى بدل لا تصله الطائرات فيصرف له أجرة سيارة صغيرة كاملة إذا كان من موظفي المرتبة العاشرة فما فوق وأجرة إركابه بالنقل الجامعي لما دون ذلك. - كما قضت المادة (36) من هذه اللائحة بأن يصرف للموظف المنتدب أو المكلف بالعمل الإضافي في غير أوقات الدوام الرسمي عن كل يوم من أيام تكليفه أو انتدابه بدل انتقال إضافي يعادل نسبة 1/30 من بدل الانتقال الشهري. - فإذا كان صرف أجرة السيارة أو أجرة الأركاب بالنقل الجماعي طبقاً للمادة (41/أ) كبديل عن تذكرة السفر للبلد الذي لا تصله الطائرات فإن بدل الانتقال الإضافي يصرف كبديل عن تأمين وسيلة النقل المناسبة في مقر انتدابه لا يتأثر أي من هذين البديلين بالآخر لأن لكل منهما نص خاص يحكمه إلا إذا ظلت السيارة التي نقلت الموظف تحت تصرفه طيلة فترة الانتداب، ففي هذه الحالة لا يستحق الموظف بدل النقل الإضافي سالف الذكر.
Fixed-size chunking,2881,500,legal_article,الثانية,التعريفات / الأحكام العامة,,https://www.hrsd.gov.sa/node/5575978,المصدر: نظام العمل السعودي الباب الأول - التعريفات / الأحكام العامة الفصل الأول المادة الثانية : النص: يقصد بالألفاظ والعبارات الآتية – أينما وردت في هذا النظام – المعاني المبينة أمامها ما لم يقتض السياق خلاف ذلك: -الوزارة: وزارة الموارد البشرية والتنمية الاجتماعية. -الوزير: وزير الموارد البشرية والتنمية الاجتماعية. -مكتب العمل: الجهة الإدارية المنوط بها شؤون العمل في النطاق المكاني الذي يحدد بقرار من الوزير. -صاحب العمل: كل شخص طبيعي أو اعتباري يشغّل عاملاً أو أكثر مقابل أجر. -العامل: كل شخص طبيعي –ذكراً أو أنثى- يعمل لمصلحة صاحب عمل وتحت إدارته أو إشرافه مقابل أجر، ولو كان بعيداً عن نظارته. -الحدث: الشخص الذي أتم الخامسة عشرة من عمره ولم يبلغ الثامنة عشرة. -العمل: الجهد المبذول في النشاطات الإنسانية كافة، تنفيذاً لعقد عمل (مكتوب أو غير مكتوب) بصرف النظر عن طبيعتها أو نوعها، صناعية كانت أو تجارية، أو زراعية أو فنية، أو غيرها، عضلية كانت أو ذهنية. -العمل الأصلي: بالنسبة للأفراد: موضوع نشاطهم المعتاد، وبالنسبة للمنشآت: الأعمال التي أنشئت المنشأة من أجل القيام بها والمنصوص عليها في عقد تأسيسها أو في عقد الامتياز – إن كانت من شركات الامتياز – أو في السجل التجاري. -العمل المؤقت: العمل الذي يدخل بطبيعته فيما يزاوله صاحب العمل من نشاط وتقتضي طبيعة إنجازه مدة محددة، أو ينصب على عمل بذاته وينتهي بانتهائه، ولا يتجاوز في الحالتين تسعين يوماً. -العمل العرضي: العمل الذي لا يدخل بطبيعته فيما يزاوله صاحب العمل في نشاطه المعتاد، ولا يستغرق تنفيذه أكثر من تسعين يوماً. -العمل الموسمي: العمل الذي يتم في مواسم دورية متعارف عليها. -العمل لبعض الوقت: العمل الذي يؤديه عامل غير متفرغ لدى صاحب عمل ولساعات عمل تقل عن نصف ساعات العمل اليومية المعتادة لدى المنشأة، سواء كان هذا العامل يؤدي ساعات عمله يومياً أو بعض أيام الأسبوع. -الخدمة المستمرة: خدمة العامل غير المنقطعة مع صاحب العمل نفسه أو خلفه النظامي، من تاريخ ابتداء الخدمة. وتعد الخدمة مستمرة في الحالات الآتية: 1.الإجازات والعطل المقررة نظاماً. 2.فترة الانقطاع لأداء الامتحانات وفقاً لما هو منصوص عليه في هذا النظام. 3.حالات غياب العامل عن عمله بدون أجر التي لا تزيد مدتها على عشرين يوماً متقطعة خلال سنة العمل. -الإسناد: خدمة توفير عامل للعمل لدى غير صاحب العمل وذلك من خلال منشأة مرخص لها لهذا الغرض. -الاستقالة: إفصاح العامل كتابة عن رغبته دون إكراه في إنهاء عقد عمل محدد المدة دون تعليق على قيد أو شرط، وقبول صاحب العمل بها. -الأجر الأساسـي: كل ما يعطى للعامل مقابل عمله، بموجب عقد عمل مكتوب أو غير مكتوب، مهما كان نوع الأجر أو طريقة أدائه، مضافاً إليه العلاوات الدورية. -الأجر الفعلي: الأجر الأساسي مضافاً إليه سائر الزيادات المستحقة الأخرى التي تتقرر للعامل مقابل جهد بذله في العمل، أو مخاطر يتعرض لها في أداء عمله، أو التي تتقرر للعامل لقاء العمل بموجب عقد العمل أو لائحة تنظيم العمل. ومن ذلك: 1- العمولة، أو النسبة المئوية من المبيعات، أو النسبة المئوية من الأرباح، التي تدفع مقابل ما يقوم بتسويقه، أو إنتاجه، أو تحصيله، أو ما يحققه من زيادة الإنتاج أو تحسينه. 2- البدلات التي يستحقها العامل لقاء طاقة يبذلها، أو مخاطر يتعرض لها في أداء عمله. 3- الزيادات التي قد تمنح وفقاً لمستوى المعيشة، أو لمواجهة أعباء العائلة.
Fixed-size chunking,2790,500,faq,,,قطاع التنمية الاجتماعية,https://www.hrsd.gov.sa/contact-us/faq,"رسوم التأشيرات + سماعات من عمر اقل من ثلاث سنوات و 26 عاماً واكثر ضعف سمع بالأذنين سماعات طبية من عمر اقل من ثلاث سنوات و 26 عاماً واكثر فقدان السمع العميق بالأذنين /بكم/كف إبصار إعانة مالية + بطاقة تخفيض أجور اركاب + بطاقة مواقف + اعفاء من رسوم التأشيرات اضطرابات نفسيه(مثبت من مستشفى حكومي وتحت العلاج والمتابعة لأكثر من سنتين) لاحد الامراض التالية ( الفصام , الاضطراب الوجداني ثنائي القطب , مرض الذهان , الاكتئاب الجسيم ) إعانة مالية + بطاقة تخفيض أجور اركاب + اعفاء من رسوم التأشيرات أمراض القلب (عدم تكافؤ عمل القلب أثناء الراحة أو E.F أقل من 40%) تقبل التقارير من مراكز القلب المختصة بأحد الامراض التالية ( كفاءة عضلة القلب اقل من 40% - القلب احادي البطين - مرض القلب والمسبب لنقص الاكسجين O2SAT اقل من 90% المستمر في هواء الغرفة اثناء الراحة -ارتفاع ضغط الدم الشرياني الرئوي 60 ملم زئبقي فأكثر - القصور القلبي الانبساطي من الدرجة الرابعة ) إعانة مالية + بطاقة تخفيض أجور اركاب + بطاقة مواقف + اعفاء من رسوم التأشيرات + أجهزة طبية قصور التنفس(معتمد كليا على الأكسجين) معتمد كليا على الاكسجين على مدار 24 ساعة . إعانة مالية + بطاقة تخفيض أجور اركاب + بطاقة مواقف + اعفاء من رسوم التأشيرات استسقاء بالدماغ(المستمر) مع وجود تحويلة لتخفيف توتر السائل الدماغي إعانة مالية + بطاقة تخفيض أجور اركاب + اعفاء من رسوم التأشيرات فشل كلوي(تحت الغسيل الدموي) إعانة مالية + بطاقة تخفيض أجور اركاب + بطاقة مواقف + اعفاء من رسوم التأشيرات + أجهزة طبية فشل بالكبد سبب دوالي المري وحبن(على قائمة الزراعة) تسبب بارتفاع ضغط الوريد البابي ودوالي المريء وتجمع سوائل بالبطن وعبى قائمة انتظار الزرعة. إعانة مالية + بطاقة تخفيض أجور اركاب + اعفاء من رسوم التأشيرات فشل كلوي(تحت الغسيل البريتواني في المنزل) إعانة مالية + بطاقة تخفيض أجور اركاب + بطاقة مواقف + اعفاء من رسوم التأشيرات + أجهزة طبية أنيميا الثلاسيميا (الكبرى) مثبت باستمارة الدم الوراثية إعانة مالية + بطاقة تخفيض أجور اركاب + اعفاء من رسوم التأشيرات أنيميا منجلية( HS تساوي أو أكبر من 70%)0 مثبت باستمارة الدم الوراثية إعانة مالية + بطاقة تخفيض أجور اركاب + اعفاء من رسوم التأشيرات سيولة في الدم(وراثيه وتحتاج لنقل الدم أو أحد مركباته بصوره دائمه) مثبت باستمارة الدم الوراثية إعانة مالية + بطاقة تخفيض أجور اركاب + اعفاء من رسوم التأشيرات فقر الدم اللامصنع(غياب تام لإنتاج الدم أو أحد مكوناته) مثبت باستمارة الدم الوراثية إعانة مالية + بطاقة تخفيض أجور اركاب + اعفاء من رسوم التأشيرات ورم خبيث(تحت العلاج الشعاعي أو الكيميائي أو الجراحي أو منتشر مرحله4) إعانة مالية + بطاقة تخفيض أجور اركاب + اعفاء من رسوم التأشيرات + أجهزة طبية مرض نقص المناعة الدائم خلقي او مكتسب إعانة مالية + بطاقة تخفيض أجور اركاب + اعفاء من رسوم التأشيرات اضطراب طيف التوحد إعانة مالية + بطاقة تخفيض أجور اركاب + بطاقة توحد + اعفاء من رسوم التأشيرات متلازمة داون إعانة مالية + بطاقة تخفيض أجور اركاب + اعفاء من رسوم التأشيرات متلازمة مارفان(مترافقة بتشوهات جسدية شديدة) إعانة مالية + بطاقة تخفيض أجور اركاب + اعفاء من رسوم التأشيرات عسر تكون العظم والغضروف إعانة مالية +"
Fixed-size chunking,2681,500,faq,,,قطاع التنمية الاجتماعية,https://www.hrsd.gov.sa/contact-us/faq,"5 بالمقياس اليدوي للقوة العضلية للأطراف إعانة مالية + بطاقة تخفيض أجور اركاب + بطاقة مواقف + اعفاء من رسوم التأشيرات + أجهزة طبية ضعف طرفين(علوي أيسر وسفلي أيمن) درجة قوة العضلة من3 الى4 من 5 بالمقياس اليدوي للقوة العضلية للأطراف إعانة مالية + بطاقة تخفيض أجور اركاب + بطاقة مواقف + اعفاء من رسوم التأشيرات + أجهزة طبية ضعف شديد بأحد الأطراف درجة قوة العضلة من3 الى4 من 5 بالمقياس اليدوي للقوة العضلية للأطراف إعانة مالية + بطاقة تخفيض أجور اركاب + بطاقة مواقف تشوهات شديدة بالمظهر الخارجي(مشوهه) خلقية او مكتسبة دائمة غير قابلة للعلاج وقد تكون 1- بالمظهر الخارجي وتسبب حرج اجتماعي 2- داخلية وتؤثر على وظائف الأعضاء الداخلية. إعانة مالية + بطاقة تخفيض أجور اركاب قزامة( الطول أقل من15%على مخطط النمو) إعانة مالية + بطاقة تخفيض أجور اركاب + اعفاء من رسوم التأشيرات قصر شديد في طرف(أكثر من 10% من طول الطرف) إعانة مالية + بطاقة تخفيض أجور اركاب + بطاقة مواقف اضطراب فكري بسيط يحدد بحسب نوع الاختبار لقياس درجة الذكاء بعد عمر السنتين إعانة مالية + بطاقة تخفيض أجور اركاب + اعفاء من رسوم التأشيرات اضطراب فكري متوسط يحدد بحسب نوع الاختبار لقياس درجة الذكاء بعد عمر السنتين إعانة مالية + بطاقة تخفيض أجور اركاب + اعفاء من رسوم التأشيرات اضطراب فكري شديد يحدد بحسب نوع الاختبار لقياس درجة الذكاء بعد عمر السنتين إعانة مالية + بطاقة تخفيض أجور اركاب + بطاقة مواقف + اعفاء من رسوم التأشيرات فقدان السمع العميق مستوى السمع يساوي 91ديسبل أو أكثر بما فيها القوقعة إعانة مالية + بطاقة تخفيض أجور اركاب + اعفاء من رسوم التأشيرات + سماعات بكم إعانة مالية + بطاقة تخفيض أجور اركاب كف أبصار(حدة الإبصار أقل من 20/200أودرجة الإبصار أقل من 20درجه بعد التصحيح) إعانة مالية + بطاقة تخفيض أجور اركاب + بطاقة مواقف + اعفاء من رسوم التأشيرات ضعف بالسمع أذن واحدة حدة السمع من 20 الى 90 ديسبل سماعة طبية من عمر اقل من ثلاث سنوات و 26 عاماً واكثر بكم مع فقدان السمع العميق بالأذنين (مستوى السمع أكثر أو يساوي 91ديسبل) مع فقدان القدرة على النطق بشكل تام إعانة مالية + بطاقة تخفيض أجور اركاب + اعفاء من رسوم التأشيرات + سماعات ضعف سمع و عيوب نطق حدة السمع من 20 الى 90 ديسبل مع عدم القدرة على نطق الكلمات بشكل طبيعي سماعات طبية من عمر اقل من ثلاث سنوات و 26 عاماً واكثر كف عين واحدة وحدة الابصار في العين الأخرى 20/70 الى 20/200 بعد التصحيح إعانة مالية + بطاقة تخفيض أجور اركاب + اعفاء من رسوم التأشيرات فقدان السمع العميق في أذن وضعف بالأذن الأخرى إعانة مالية + اعفاء من رسوم التأشيرات + سماعات من عمر اقل من ثلاث سنوات و 26 عاماً واكثر ضعف سمع بالأذنين سماعات طبية من عمر اقل من ثلاث سنوات و 26 عاماً واكثر فقدان السمع العميق بالأذنين /بكم/كف إبصار إعانة مالية + بطاقة تخفيض أجور اركاب + بطاقة مواقف + اعفاء من رسوم التأشيرات اضطرابات نفسيه(مثبت من مستشفى حكومي وتحت العلاج والمتابعة لأكثر من سنتين) لاحد الامراض التالية ( الفصام , الاضطراب الوجداني ثنائي القطب , مرض الذهان , الاكتئاب الجسيم ) إعانة مالية"
Fixed-size chunking,2606,450,legal_article,الثلاثون بعد المائتين,العقوبات,,https://www.hrsd.gov.sa/node/5576057,المصدر: نظام العمل السعودي الباب الخامس عشر - العقوبات المادة الثلاثون بعد المائتين: النص: للوزارة - بقرار من الوزير أو من ينيبه - إيقاع العقوبتين أو إحداهما المنصوص عليهما في الفقرتين الفرعيتين (أ) و(ب) من الفقرة (1) من المادة (التاسعة والعشرين بعد المائتين) من هذا النظام، بما لا يتجاوز نصف الحد الأعلى المقرر لأيً منهما، ويجوز التظلم من القرار الصادر بالعقوبة أمام المحكمة الإدارية المختصة . يصدر - بقرار من الوزير - جدول تحدد فيه المخالفات والعقوبات المقابلة لها التي لا تتجاوز نصف الحد الأعلى للعقوبتين الواردتين في الفقرتين الفرعيتين (أ) و(ب) من الفقرة (1) من المادة (التاسعة والعشرين بعد المائتين) من هذا النظام ، ويراعى في ذلك التدرج في تحديد مقدارها وتناسبها مع جسامة المخالفة . يصدر - بقرار من الوزير - جدول تحدد فيه المخالفات التي تتجاوز عقوباتها نصف الحد الأعلى للعقوبتين الواردتين في الفقرتين الفرعيتين (أ) و(ب) من الفقرة (1) من المادة (التاسعة والعشرين بعد المائتين) من هذا النظام ، وتحدد فيه كذلك المخالفات التي تكون عقوبتها العقوبة الواردة في الفقرة الفرعية (ج) من الفقرة (1) من المادة المذكورة . إذا كانت المخالفة تستوجب عقوبة تزيد على نصف الحد الأعلى المقرر لها ، أو كانت من المخالفات التي تستوجب عقوبة الإغلاق النهائي للمنشأة ، وفقاً للجدول المنصوص عليه في الفقرة (3) من هذه المادة ؛ فترفع الوزارة دعوى أمام المحكمة المختصة للنظر فيها وإيقاع العقوبة المناسبة المنصوص عليها في المادة (التاسعة والعشرين بعد المائتين) من هذا النظام. يجوز الاتفاق بين الوزارة والمخالف على تسوية المخالفة ، وذلك بدفع مبلغ الغرامة الذي تقدره الوزارة ، على أن يصدر بهذه التسوية قرار من الوزير أو من ينيبه. يصدر - بقرار من الوزير - جدول تحدد فيه المخالفات والعقوبات المقابلة لها التي لا تتجاوز نصف الحد الأعلى للعقوبتين الواردتين في الفقرتين الفرعيتين (أ) و(ب) من الفقرة (1) من المادة (التاسعة والعشرين بعد المائتين) من هذا النظام ، ويراعى في ذلك التدرج في تحديد مقدارها وتناسبها مع جسامة المخالفة . يصدر - بقرار من الوزير - جدول تحدد فيه المخالفات التي تتجاوز عقوباتها نصف الحد الأعلى للعقوبتين الواردتين في الفقرتين الفرعيتين (أ) و(ب) من الفقرة (1) من المادة (التاسعة والعشرين بعد المائتين) من هذا النظام ، وتحدد فيه كذلك المخالفات التي تكون عقوبتها العقوبة الواردة في الفقرة الفرعية (ج) من الفقرة (1) من المادة المذكورة . إذا كانت المخالفة تستوجب عقوبة تزيد على نصف الحد الأعلى المقرر لها ، أو كانت من المخالفات التي تستوجب عقوبة الإغلاق النهائي للمنشأة ، وفقاً للجدول المنصوص عليه في الفقرة (3) من هذه المادة ؛ فترفع الوزارة دعوى أمام المحكمة المختصة للنظر فيها وإيقاع العقوبة المناسبة المنصوص عليها في المادة (التاسعة والعشرين بعد المائتين) من هذا النظام. يجوز الاتفاق بين الوزارة والمخالف على تسوية المخالفة ، وذلك بدفع مبلغ الغرامة الذي تقدره الوزارة ، على أن يصدر بهذه التسوية قرار من الوزير أو من ينيبه.
Fixed-size chunking,2536,500,faq,,,قطاع التنمية الاجتماعية,https://www.hrsd.gov.sa/contact-us/faq,اعفاء من رسوم التأشيرات بتر طرفين سفليين اكبر من او يساوي 51 % من الطرف إعانة مالية + بطاقة تخفيض أجور اركاب + بطاقة مواقف + اعفاء من رسوم التأشيرات + أجهزة طبية بتر طرف علوي أيسر وسفلي أيمن اكبر من او يساوي 51 % من الطرف إعانة مالية + بطاقة تخفيض أجور اركاب + بطاقة مواقف + اعفاء من رسوم التأشيرات + أجهزة طبية بتر شقي أيمن اكبر من او يساوي 51 % من الطرف إعانة مالية + بطاقة تخفيض أجور اركاب + بطاقة مواقف + اعفاء من رسوم التأشيرات + أجهزة طبية بتر شقي أيسر اكبر من او يساوي 51 % من الطرف إعانة مالية + بطاقة تخفيض أجور اركاب + بطاقة مواقف + اعفاء من رسوم التأشيرات + أجهزة طبية بتر ثلاثي اكبر من او يساوي 51 % من الطرف إعانة مالية + بطاقة تخفيض أجور اركاب + بطاقة مواقف + اعفاء من رسوم التأشيرات + أجهزة طبية بتر رباعي اكبر من او يساوي 51 % من الطرف إعانة مالية + بطاقة تخفيض أجور اركاب + بطاقة مواقف + اعفاء من رسوم التأشيرات + أجهزة طبية بتر جزئي طرف علوي أيسر من 20% -50% من الطرف إعانة مالية بتر جزئي طرف سفلي أيمن من 20% -50% من الطرف إعانة مالية بتر جزئي طرف سفلي أيسر من 20% -50% من الطرف إعانة مالية ضعف طرفين سفليين وصعوبة شديدة بالمشي درجة قوة العضلة من3 الى4 من 5 بالمقياس اليدوي للقوة العضلية للأطراف إعانة مالية + بطاقة تخفيض أجور اركاب + بطاقة مواقف + اعفاء من رسوم التأشيرات + أجهزة طبية ضعف الأطراف الأربعة درجة قوة العضلة من3 الى4 من 5 بالمقياس اليدوي للقوة العضلية للأطراف إعانة مالية + بطاقة تخفيض أجور اركاب + بطاقة مواقف + اعفاء من رسوم التأشيرات + أجهزة طبية ضعف شقي أيمن درجة قوة العضلة من3 الى4 من 5 بالمقياس اليدوي للقوة العضلية للأطراف إعانة مالية + بطاقة تخفيض أجور اركاب + بطاقة مواقف + اعفاء من رسوم التأشيرات + أجهزة طبية ضعف طرفين علويين درجة قوة العضلة من3 الى4 من 5 بالمقياس اليدوي للقوة العضلية للأطراف إعانة مالية + بطاقة تخفيض أجور اركاب + اعفاء من رسوم التأشيرات ضعف شقي أيسر درجة قوة العضلة من3 الى4 من 5 بالمقياس اليدوي للقوة العضلية للأطراف إعانة مالية + بطاقة تخفيض أجور اركاب + بطاقة مواقف + اعفاء من رسوم التأشيرات + أجهزة طبية ضعف ثلاثي درجة قوة العضلة من3 الى4 من 5 بالمقياس اليدوي للقوة العضلية للأطراف إعانة مالية + بطاقة تخفيض أجور اركاب + بطاقة مواقف + اعفاء من رسوم التأشيرات + أجهزة طبية ضعف طرفين(علوي أيمن وسفلي أيسر) درجة قوة العضلة من3 الى4 من 5 بالمقياس اليدوي للقوة العضلية للأطراف إعانة مالية + بطاقة تخفيض أجور اركاب + بطاقة مواقف + اعفاء من رسوم التأشيرات + أجهزة طبية ضعف طرفين(علوي أيسر وسفلي أيمن) درجة قوة العضلة من3 الى4 من 5 بالمقياس اليدوي للقوة العضلية للأطراف إعانة مالية + بطاقة تخفيض أجور اركاب + بطاقة مواقف + اعفاء من رسوم التأشيرات + أجهزة طبية ضعف شديد بأحد الأطراف درجة قوة العضلة من3 الى4 من 5 بالمقياس اليدوي للقوة العضلية للأطراف إعانة مالية + بطاقة تخفيض
Fixed-size chunking,2514,500,faq,,,قطاع التنمية الاجتماعية,https://www.hrsd.gov.sa/contact-us/faq,المصدر: HRSD FAQ التصنيف: العمالة المنزلية | ذوي الإعاقة | كبار السن | قطاع التنمية الاجتماعية | مركز الرياض للسياسات السلوكية السؤال: الاعاقات خدماتها ومعاييرها الطبية كالتالي: الإجابة: اسم الإعاقة الموحدة المعايير الطبية الخدمات المستحقة شلل طرف علوي ايمن إعانة مالية + بطاقة تخفيض أجور اركاب + اعفاء من رسوم التأشيرات شلل طرف علوي أيسر إعانة مالية + بطاقة تخفيض أجور اركاب + اعفاء من رسوم التأشيرات شلل طرف سفلي أيمن إعانة مالية + بطاقة تخفيض أجور اركاب + بطاقة مواقف + اعفاء من رسوم التأشيرات + أجهزة طبية شلل طرفي سفلي أيسر إعانة مالية + بطاقة تخفيض أجور اركاب + بطاقة مواقف + اعفاء من رسوم التأشيرات + أجهزة طبية شلل رباعي و إقعاد تام إعانة مالية + بطاقة تخفيض أجور اركاب + بطاقة مواقف + اعفاء من رسوم التأشيرات + أجهزة طبية شلل طرفين سفليين إعانة مالية + بطاقة تخفيض أجور اركاب + بطاقة مواقف + اعفاء من رسوم التأشيرات + أجهزة طبية شلل طرفين علويين إعانة مالية + بطاقة تخفيض أجور اركاب + اعفاء من رسوم التأشيرات شلل شقي أيمن إعانة مالية + بطاقة تخفيض أجور اركاب + بطاقة مواقف + اعفاء من رسوم التأشيرات + أجهزة طبية شلل شقي أيسر إعانة مالية + بطاقة تخفيض أجور اركاب + بطاقة مواقف + اعفاء من رسوم التأشيرات + أجهزة طبية شلل ثلاثي إعانة مالية + بطاقة تخفيض أجور اركاب + بطاقة مواقف + اعفاء من رسوم التأشيرات + أجهزة طبية شلل طرفين(علوي أيمن وسفلي أيسر) إعانة مالية + بطاقة تخفيض أجور اركاب + بطاقة مواقف + اعفاء من رسوم التأشيرات + أجهزة طبية شلل طرفين(علوي أيسر وسفلي أيمن) إعانة مالية + بطاقة تخفيض أجور اركاب + بطاقة مواقف + اعفاء من رسوم التأشيرات + أجهزة طبية بتر جزئي طرف علوي أيمن (بتر 20%-50%)من الطرف إعانة مالية + بطاقة تخفيض أجور اركاب بتر طرف علوي أيمن اكبر من او يساوي 51 % من الطرف إعانة مالية + بطاقة تخفيض أجور اركاب + اعفاء من رسوم التأشيرات بتر طرف علوي أيسر اكبر من او يساوي 51 % من الطرف إعانة مالية + بطاقة تخفيض أجور اركاب + اعفاء من رسوم التأشيرات بتر طرف سفلي أيمن اكبر من او يساوي 51 % من الطرف إعانة مالية + بطاقة تخفيض أجور اركاب + بطاقة مواقف + اعفاء من رسوم التأشيرات + أجهزة طبية بتر طرف سفلي أيسر اكبر من او يساوي 51 % من الطرف إعانة مالية + بطاقة تخفيض أجور اركاب + بطاقة مواقف + اعفاء من رسوم التأشيرات + أجهزة طبية بتر طرفين علويين اكبر من او يساوي 51 % من الطرف إعانة مالية + بطاقة تخفيض أجور اركاب + اعفاء من رسوم التأشيرات بتر طرفين سفليين اكبر من او يساوي 51 % من الطرف إعانة مالية + بطاقة تخفيض أجور اركاب + بطاقة مواقف + اعفاء من رسوم التأشيرات + أجهزة طبية بتر طرف علوي أيسر وسفلي أيمن اكبر من او يساوي 51 % من الطرف إعانة مالية + بطاقة تخفيض أجور اركاب + بطاقة مواقف + اعفاء من رسوم التأشيرات + أجهزة طبية بتر شقي أيمن اكبر من او يساوي 51 % من الطرف إعانة مالية + بطاقة
Fixed-size chunking,2317,403,faq,,,,https://www.hrsd.gov.sa/contact-us/faq,"المصدر: HRSD FAQ التصنيف: العمالة المنزلية | كبار السن | | مركز الرياض للسياسات السلوكية السؤال: ما هي الخطوات الرئيسية لطلب الاطلاع أو الحصول على المعلومات العامة ؟ الإجابة: أولاً: يتم تقديم الطلبات عن طريق ملء "" نموذج طلب الحصول على المعلومة "" – إلكتروني– وتقديمه للوزارة. ثانياً: تقوم الوزارة خلال فترة زمنية محددة (30) يوماً من استلام طلب الاطلاع أو الحصول على المعلومات العامة باتخاذ أحد القرارات التالية: الموافقة: في حال تمت الموافقة على طلب الوصول إلى المعلومات أو الحصول عليها كلياً أو جزئياً فيجب إشعار مقدم الطلب إلكترونيا بالرسوم المطبقة (إن وجدت)، وسيتم إتاحة هذه المعلومات للطالب خلال فترة زمنية لا تتجاوز (10) أيام عمل من استلام المبلغ. الرفض: في حال تم رفض طلب الوصول إلى المعلومات أو الحصول عليها، فيجب أن يكون الرفض إلكترونيا على أن يتضمن المعلومات التالية: تحديد ما إذا كان رفض الطلب كلياً أو جزئياً. تحديد ما إذا كان رفض الطلب كلياً أو جزئياً. أسباب الرفض إن أمكن أسباب الرفض إن أمكن الحق في التظلم على هذا الرفض وكيفية ممارسة هذا الحق. الحق في التظلم على هذا الرفض وكيفية ممارسة هذا الحق. التمديد : في حال عدم إمكانية معالجة طلب الوصول إلى المعلومات في الوقت المحدد، سيتم تمديد الفترة الزمنية التي سيتم الرد فيها بمدة معقولة حسب حجم وطبيعة المعلومات المطلوبة – على سبيل المثال لا تتجاوز (30) يوماً إضافياً – وتزويد مقدم الطلب بالمعلومات الآتية: إشعار التمديد والتاريخ المتوقع فيه اكمال الطلب. إشعار التمديد والتاريخ المتوقع فيه اكمال الطلب. أسباب التأخير أسباب التأخير الحق في التظلم على هذا التمديد وكيفية ممارسة هذا الحق. الحق في التظلم على هذا التمديد وكيفية ممارسة هذا الحق. الإشعار: في حال كانت المعلومات المطلوبة متاحة على موقع الوزارة، أو ليست من اختصاصه، فيجب إشعار مقدم الطلب بذلك إلكترونياً على أن تتضمن المعلومات التالية: نوع الإشعار – على سبيل المثال البيانات المطلوبة متاحة على موقع الصندوق – أو ليست من اختصاصه. نوع الإشعار – على سبيل المثال البيانات المطلوبة متاحة على موقع الصندوق – أو ليست من اختصاصه. الحق في التظلم على هذا الإشعار وكيفية ممارسة هذا الحق. الحق في التظلم على هذا الإشعار وكيفية ممارسة هذا الحق. ثالثا: في حالة رغبة مقدم الطلب في التظلم على رفض الطلب من قبل الوزارة، فيمكنه تقديم إشعار إلكتروني بالتظلم عن طريق مكتب إدارة البيانات في الجهة خلال فترة زمنية لا تتجاوز (10) أيام عمل من استلامه لقرار الوزارة، وتقوم لجنة التظلم بمكتب إدارة البيانات بمراجعة الطلب واتخاذ القرار المناسب وإشعار مقدم الطلب برسوم المراجعة (إن وجد) – يتم استرجاعها في حال موافقة اللجنة على"
Fixed-size chunking,2205,376,faq,,,قطاع التنمية الاجتماعية,https://www.hrsd.gov.sa/contact-us/faq,رسوم التأشيرات + أجهزة طبية مرض نقص المناعة الدائم خلقي او مكتسب إعانة مالية + بطاقة تخفيض أجور اركاب + اعفاء من رسوم التأشيرات اضطراب طيف التوحد إعانة مالية + بطاقة تخفيض أجور اركاب + بطاقة توحد + اعفاء من رسوم التأشيرات متلازمة داون إعانة مالية + بطاقة تخفيض أجور اركاب + اعفاء من رسوم التأشيرات متلازمة مارفان(مترافقة بتشوهات جسدية شديدة) إعانة مالية + بطاقة تخفيض أجور اركاب + اعفاء من رسوم التأشيرات عسر تكون العظم والغضروف إعانة مالية + بطاقة تخفيض أجور اركاب + اعفاء من رسوم التأشيرات روماتويد (أدى لتشوهات في الأطراف) إعانة مالية + بطاقة تخفيض أجور اركاب + اعفاء من رسوم التأشيرات + أجهزة طبية الرنح العائلي(فريدريخ أتاكسيا) إعانة مالية + بطاقة تخفيض أجور اركاب متلازمة الصبغي الهش إعانة مالية + بطاقة تخفيض أجور اركاب صرع غير مستعصي الصرع تحت التحكم مع الانتظام على العلاج اعفاء من رسوم التأشيرات مرض قلب( وظيفة القلب طبيعية أثناء الراحة أو E.F يساوي أو أكثر من 40%) بطاقة تخفيض أجور اركاب الاسهال المضيع للكلور اعفاء من رسوم التأشيرات الزهايمر المبكر إعانة مالية + بطاقة تخفيض أجور اركاب + اعفاء من رسوم التأشيرات التغذية المحيطية غير الوريدية(أنبوب المعدة عبر الجلد، الانبوب الانفي المعدي..) بصفة دائمة إعانة مالية + بطاقة تخفيض أجور اركاب + اعفاء من رسوم التأشيرات الامراض الاستقلابية الوراثية إعانة مالية + بطاقة تخفيض أجور اركاب الزهايمر/عته الشيخوخة بطاقة تخفيض أجور اركاب + اعفاء من رسوم التأشيرات صرع(مستعصي) مضى على التشخيص سنه على الأقل ويستخدم نوعين او اكثر من الادوية ومع ذلك غير متحكم بالنوبات. إعانة مالية + بطاقة تخفيض أجور اركاب + اعفاء من رسوم التأشيرات الحساسية لمادة الغلوتين(حساسية القمح) حساسية لمادة الغلوتين مثبته بتقرير من مستشفى حكومية للعينة ( خزعة للأمعاء ) اعانة مالية مرض جلدي(السماك، المهاق الكامل، الفقاع، الثعلبة الشاملة) اعانة مالية عدم التحكم بالمخارج (دائم ومثبت بتقرير طبي) إعانة مالية + بطاقة تخفيض أجور اركاب + اعفاء من رسوم التأشيرات متلازمة (سيندروم) لم يرد ذكرها منفصلة في الجداول متلازمة لم يرد ذكرها وتسببت في إعاقة إعانة مالية + بطاقة تخفيض أجور اركاب زراعة أحد الأعضاء (السنة الأولى بعد الزراعة) اعانة مالية التغذية المحيطية الوريدية T.P.N dependent إعانة مالية + بطاقة تخفيض أجور اركاب + اعفاء من رسوم التأشيرات ملاحظة عامة ( يتم دراسة التقرير من قبل اللجنة الطبية بوحدات الخدمات الاجتماعية الداعمة وقد يتطلب الامر طلب تقرير اخر مفصل او زيارة الوحدة)
Fixed-size chunking,2164,414,faq,,,قطاع العمل,https://www.hrsd.gov.sa/contact-us/faq,المصدر: HRSD FAQ التصنيف: أعمال | العمالة المنزلية | عامل | كبار السن | قطاع العمل | مركز الرياض للسياسات السلوكية السؤال: ماذا لو تسبب العامل بأي تلفيات؟ الإجابة: وفقاً لنص المادة (91) من نظام العمل السعودي: 1- إذا تسبب عامل في فقد أو إتلاف أو تدمير آلات أو منتجات يملكها صاحب العمل أو هي في عهدته وكان ذلك ناشئًا عن خطأ العامل أو مخالفته تعليمات صاحب العمل ولم يكن نتيجة لخطأ الغير أو ناشئًا عن قوة قاهرة، فلصاحب العمل أن يقتطع من أجر العامل المبلغ اللازم للإصلاح أو لإعادة الوضع إلى ما كان عليه على ألا يزيد ما يقتطع لهذا الغرض على أجر خمسة أيام في كل شهر ، ولصاحب العمل الحق في التظلم عند الاقتضاء، وذلك بطلب ما هو أكثر من ذلك إذا كان للعامل مال آخر يمكن الاستيفاء منه، وللعامل أن يتظلم مما نسب إليه أو من تقدير صاحب العمل للتعويض أمام هيئة تسوية الخلافات العمالية، فإذا حكمت بعدم أحقية صاحب العمل في الرجوع على العامل بما اقتطعه منه أو حكمت بأقل منه وجب على صاحب العمل أن يرد إلى العامل ما اقتطع منه دون وجه حق خلال سبعة أيام من تاريخ صدور الحكم. 2 - يكون تظلم أي من الطرفين خلال خمسة عشر يوم عمل، وإلا سقط الحق فيه، ويبدأ موعد التظلم بالنسبة إلى صاحب العمل من تاريخ اكتشاف الواقعة، وبالنسبة إلى العامل من تاريخ إبلاغ صاحب العمل له بذلك. لا يجوز حسم أي مبلغ من أجور العامل لقاء حقوق خاصة دون موافقة خطية منه، إلا في الحالات الآتية: 1 - استرداد قروض صاحب العمل، بشرط ألا يزيد ما يحسم من العامل في هذه الحالة على 10% من أجره. 2 - اشتراكات التأمينات الاجتماعية، وأي اشتراكات أخرى مستحقة على العامل ومقررة نظامًا. 3 - اشتراكات العامل في صندوق الادخار والقروض المستحقة للصندوق. 4 - أقساط أي مشروع يقوم به صاحب العمل لبناء المساكن بقصد تمليكها للعمال أو أي مزية أخرى. 5 - الغرامات التي توقع على العامل بسبب المخالفات التي يرتكبها، وكذلك المبلغ الذي يقتطع منه مقابل ما أتلفه. 6 - استيفاء دين إنفاذًا لأي حكم قضائي، على ألَّا يزيد ما يحسم شهريًّا لقاء ذلك على ربع الأجر المستحق للعامل ما لم يتضمن الحكم خلاف ذلك. ويستوفى دين النفقة أولًا، ثم دين المأكل والملبس والمسكن قبل الديون الأخرى. لا يجوز في جميع الأحوال -أن تزيد نسبة المبالغ المحسومة على نصف أجر العامل، إلا إذا ثبت لدى هيئة تسوية الخلافات العمالية إمكانية الزيادة على هذه النسبة، أو يثبت لديها حاجة العامل إلى أكثر من نصف أجره، وفي هذه الحالة الأخيرة لا يعطي العامل أكثر من ثلاثة أرباع أجره، مهما كان الأمر.
Fixed-size chunking,1816,330,legal_article,الخامسة والستون,علاقات العمل,,https://www.hrsd.gov.sa/node/5576001,المصدر: نظام العمل السعودي الباب الخامس - علاقات العمل الفصل الثاني المادة الخامسة والستون: النص: بالإضافة إلى الواجبات المنصوص عليها في هذا النظام واللوائح والقرارات الصادرة تطبيقاً له ، يجب على العامل : أن ينجز العمل وفقاً لأصول المهنة ووفق تعليمات صاحب العمل ، إذا لم يكن في هذه التعليمات ما يخالف العقد أو النظام أو الآداب العامة ، ولم يكن في تنفيذها ما يعرض للخطر . أن يعتني عناية كافية بالآلات والأدوات والمهمات والخامات المملوكة لصاحب العمل الموضوعة تحت تصرفه ، أو التي تكون في عهدته ، وأن يعيد إلى صاحب العمل المواد غير المستهلكة . أن يلتزم حسن السلوك والأخلاق أثناء العمل . أن يقدم كل عون ومساعدة دون أن يشترط لذلك أجراً إضافيا في حالات الكوارث و الأخطار التي تهدد سلامة مكان العمل أو الأشخاص العاملين فيه . أن يخضع – وفقاً لطلب صاحب العمل – للفحوص الطبية التي يرغب في إجرائها عليه قبل الإلتحاق بالعمل أو أثناءه، للتحقق من خلوه من الأمراض المهنية أو السارية . أن يحفظ الأسرار الفنية والتجارية والصناعية للمواد التي ينتجها ، أو التي أسهم في إنتاجها بصورة مباشرة أو غير مباشرة ، وجميع الأسرار المهنية المتعلقة بالعمل أو المنشأة التي من شأن إفشائها الإضرار بمصلحة صاحب العمل . أن يعتني عناية كافية بالآلات والأدوات والمهمات والخامات المملوكة لصاحب العمل الموضوعة تحت تصرفه ، أو التي تكون في عهدته ، وأن يعيد إلى صاحب العمل المواد غير المستهلكة . أن يلتزم حسن السلوك والأخلاق أثناء العمل . أن يقدم كل عون ومساعدة دون أن يشترط لذلك أجراً إضافيا في حالات الكوارث و الأخطار التي تهدد سلامة مكان العمل أو الأشخاص العاملين فيه . أن يخضع – وفقاً لطلب صاحب العمل – للفحوص الطبية التي يرغب في إجرائها عليه قبل الإلتحاق بالعمل أو أثناءه، للتحقق من خلوه من الأمراض المهنية أو السارية . أن يحفظ الأسرار الفنية والتجارية والصناعية للمواد التي ينتجها ، أو التي أسهم في إنتاجها بصورة مباشرة أو غير مباشرة ، وجميع الأسرار المهنية المتعلقة بالعمل أو المنشأة التي من شأن إفشائها الإضرار بمصلحة صاحب العمل . ثالثاً: قواعد التأديب
Fixed-size chunking,1810,299,faq,,,,https://www.hrsd.gov.sa/contact-us/faq,المصدر: HRSD FAQ التصنيف: أفراد | العمالة المنزلية | كبار السن | | مركز الرياض للسياسات السلوكية السؤال: هل تحتاج خدمات لذوي الإعاقة ؟ الإجابة: 1. يمكن للأشخاص ذوي الإعاقة من التقديم على الخدمة وارفاق التقرير الطبي لكي يتم تقيييمه من قبل الطبيب المختص من خلال خدمة تقييم الإعاقة 2. خدمة اشعارات اهلية القبول بمراكز الرعاية النهارية الاهلية تمكن الأشخاص ذوي الإعاقة المسجلين لدى الوزارة والذين تم تقييم إعاقتهم من تقديم طلب خلال فترة التسجيل للحصول على اشعار قبول بمراكز الرعاية النهارية الأهلية 3. خدمة الإعانات المالية للأشخاص ذوي الإعاقة تمكن الأشخاص ذوي الإعاقة المسجلين لدى الوزارة والذين تم تقييم إعاقتهم من تقديم طلب للحصول على الإعانة المالية الشهرية للأشخاص ذوي الإعاقة 4. خدمة طلب الاعانة المالية للأجهزة الطبية المعينة تمكن الأشخاص ذوي الإعاقة المسجلين لدى الوزارة والذين تم تقييم إعاقتهم من تقديم طلب للحصول على جهاز أو اكثر من جهاز بمقاسات مختلفة حسب حاجة المستفيد 5. خدمة طلب منح أعفاء من رسوم التأشيرة تمكن الأشخاص ذوي الإعاقة من الاستفادة من الاعفاء من رسوم التأشيرات عند الرغبة في استقدام مهن معينة 6. خدمة طلب بطاقة التسهيلات المرورية تمكن الأشخاص ذوي الإعاقة من الاستفادة من الاعفاء من التسهيلات التي تقدمها الإدارة العامة للمرور لتسهيل الحركة المرورية لذوي الإعاقة 7. تقدم خدمة اصدار بطاقة اضطرب التوحد إمكانية اصدار بطاقة اضطراب التوحد للأشخاص ذوي اضطراب التوحد في البوابة الالكترونية وذلك عن طريق توفير بطاقات الالكترونية تمكنهم من الحصول على الأولوية في الخدمات عند مراجعة المستشفيات والمراكز الصحية وغيرها بكل سهوله 8. تقدم خدمة اصدار مشهد أعاقة إمكانية اصدار بطاقة اضطراب التوحد للأشخاص ذوي اضطراب التوحد في البوابة الالكترونية وذلك عن طريق توفير بطاقات الالكترونية تمكنهم من الحصول على الأولوية في الخدمات عند مراجعة المستشفيات والمراكز الصحية وغيرها بكل سهوله 9. تتيح خدمة الاعتراض على إيقاف الاعانة المالية لذوي الإعاقة تقديم طلب اعتراض في حال إيقاف الصرف عنهم أو عن احد التابعين لهم
Fixed-size chunking,1575,254,faq,,,قطاع العمل,https://www.hrsd.gov.sa/contact-us/faq,المصدر: HRSD FAQ التصنيف: أعمال | العمالة المنزلية | عامل | كبار السن | قطاع العمل | مركز الرياض للسياسات السلوكية السؤال: كيف يمكن التأكد من أن نطاق المنشأة يعكس النطاق الحقيقي الذي تستحقه؟ الإجابة: على المنشآت إتباع الخطوات التالية لتعديل بياناتهم والحصول على التقييم الحقيقي: التأكد من تطابق رقم المنشأة في الاستقدام مع بيانات المنشاة في أنظمة وزارة الموارد البشرية والتنمية الاجتماعية والمؤسسة العامة للتأمينات الاجتماعية ووزارة الداخلية، في حالة عدم وجود ملف للمنشأة لدى التأمينات الاجتماعية فعلى المنشأة المسارعة بفتح ملف لها مع تسجيل كافة موظفيها التأكد من تسجيل جميع الموظفين السعوديين في نظام المؤسسة العامة للتأمينات الاجتماعية لاحتسابهم في عدد العمالة الإجمالي للمنشأة وبالتالي تحديد العدد الحقيقي لموظفي المنشأة تسديد كافة الرسوم المستحقة على جميع العمالة لدى المؤسسة العامة للتأمينات الاجتماعية حيث أنه لن يتم احتساب نسبة التوطين أن وجد هناك عمالة لم يتم السداد عنهم لدى المؤسسة العامة للتأمينات الاجتماعية التأكد من ربط الموظفين السعوديين بفروع المنشأة من خلال موقع التأمينات الاجتماعية التأمينات أون لاين لأنه لن يتم احتساب الموظفين السعوديين الذين لم يتم ربطهم بفروع المنشأة حتى إن تم سداد كامل الرسوم المستحقة عليهم في التأمينات الاجتماعية سيدخل أصحاب العمل في حساب نسبة التوطين في منشأته الفردية دون الحاجة لدفع رسوم تأمين شريطة ألا يكون مشتركاً في التأمينات لدى منشأة أخرى، وفي حال كان لدى صاحب العمل أكثر من منشأة فردية فسيتم احتسابه في نسب التوطين في الفرع الرئيسي فقط يحق للشركاء في الشركات الذين يعملون لدى المنشأة تسجيل أسماءهم في التأمينات الاجتماعية كمشتركين وسيتم احتسابهم في نسبة التوطين بشرط تسديد رسوم التأمينات وألا يكونوا مشتركين في منشأة أخرى
Fixed-size chunking,1417,258,faq,,,قطاع العمل,https://www.hrsd.gov.sa/contact-us/faq,"المصدر: HRSD FAQ التصنيف: أعمال | العمالة المنزلية | عامل | كبار السن | قطاع العمل | مركز الرياض للسياسات السلوكية السؤال: متى يكون إنهاء العقد؟ الإجابة: إذا كان العقد غير محدد المدة، جاز لأي من طرفيه إنهاؤه بناءً على سبب مشروع يجب بيانه بموجب إشعار يوجه إلى الطرف الآخر كتابةً قبل الإنهاء بمدة تحدد في العقد، على ألا تقل عن ستين يوماً إذا كان أجر العامل يدفع شهريًّا، ولا تقل عن ثلاثين يوماً بالنسبة إلى غيره. إذا كان الإشعار من جانب صاحب العمل، فيحق للعامل أن يتغيب خلال مهلة الإشعار يوماً كاملاً في الأسبوع أو ثماني ساعات أثناء الأسبوع، وذلك للبحث عن عمل آخر مع استحقاقه لأجر هذا اليوم أو ساعات الغياب. ويكون للعامل تحديد يوم الغياب وساعاته بشرط أن يُشعر صاحب العمل بذلك في اليوم السابق للغياب على الأقل. ولصاحب العمل أن يعفي العامل من العمل أثناء مهلة الإشعار مع احتساب مدة خدمته مستمرة إلى حين انتهاء تلك المهلة، والتزام صاحب العمل بما يترتب على ذلك من آثار وبخاصة استحقاق العامل أجره عن مهلة الإشعار. يحق للعامل أن يترك العمل دون إشعار مع احتفاظه بحقوقه النظامية كلها في حالات معينة. (بحسب ما نصت عليه المادة ""81"" من نظام العمل السعودي.) لا يجوز لصاحب العمل فسخ العقد دون مكافأة العامل، أو إشعاره، أو تعويضه؛ إلا في الحالات الآتية، وبشرط أن يتيح له الفرصة لكي يبدي أسباب معارضته للفسخ (بحسب ما نصت عليه المادة ""80"" من نظام العمل السعودي.) لا يجوز لصاحب العمل إنهاء خدمة العامل بسبب المرض قبل استنفاذ المدة المحددة للإجازة المنصوص عليها في المادة (117) من النظام، وللعامل الحق في طلب وصل إجازته المرضية بالسنوية."
Fixed-size chunking,1412,247,faq,,,,https://www.hrsd.gov.sa/contact-us/faq,المصدر: HRSD FAQ التصنيف: أفراد | العمالة المنزلية | كبار السن | | مركز الرياض للسياسات السلوكية السؤال: هل تبحث عن عمل أو تأهيل لسوق العمل؟ الإجابة: 1. يتم من خلال منصة العمل عن بعد إجراءات التعاقد بين المنشأة والباحث عن عمل عن بعد من خلال الخدمات التي تقدمها الوزارة أدناه: a. انشاء السيرة الذاتية للباحث عن عمل من خلال خدمة بناء السيرة الذاتية b.تقديم طلب وظيفة من خلال استعراض الباحث على الوظائف المعروضة في المنصة من خلال خدمة بحث عن الوظائف وتحديد الوظيفة و اختيار التقديم عليها 2. يتم من خلال منصة العمل المرن إجراءات التعاقد بين المنشأة والباحث عن عمل مرن خلال الخدمات التي تقدمها الوزارة أدناه: a. يتم الاطلاع على العقد وتفاصيله والموافقة او الرفض على العقد من قبل الباحث و ذلك من خلال خدمة الموافقة على العقد 3.يتم من خلال منصة العمل الحر إصدار وثائق العمل الحر لممارسي العمل الحر وتوفير مزايا وخدمات ومحفزات من خلال الخدمات التي تقدمها الوزارة ادناه : a. تقديم طلب إصدار وثيقة عمل حر من خلال خدمة إصدار وثيقة العمل الحر b. تقديم طلب تجديد وثيقة العمل الحر عند انتهاء صلاحيتها من خلال خدمة تجديد وثيقة العمل الحر 4. كما يمكن للمواطنين السعوديين من خلال منصة جدارة تسجيل بياناتهم الشخصية ومؤهلاتهم وخبراتهم العملية و إرفاق الوثائق اللازمة بالإضافة إلى توفير خدمة التقديم الإلكتروني على الوظائف الشاغرة التي يتم طرحها و الإعلان عنها من قِبل الجهات الحكومية 5. يمكن لطالبي العمل للوظائف المساندة (وظائف المستخدمين وبند الأجور) من تسجيل البيانات الشخصية،وذلك بغرض إتاحة معلوماتهم للمختصين من خلال منصة ساعد
Fixed-size chunking,1325,238,faq,,,قطاع العمل,https://www.hrsd.gov.sa/contact-us/faq,المصدر: HRSD FAQ التصنيف: أعمال | العمالة المنزلية | عامل | كبار السن | قطاع العمل | مركز الرياض للسياسات السلوكية السؤال: ماهي الأجور؟ الإجابة: الأجر الأساسي: كل ما يعطى للعامل مقابل عمله، بموجب عقد عمل مكتوب أو غير مكتوب، مهما كان نوع الأجر أو طريقة أدائه، مضافًا إليه العلاوات الدورية. الأجر الفعلي: الأجر الأساسي مضافًا إليه سائر الزيادات المستحقة الأخرى التي تتقرر للعامل مقابل جهد بذله في العمل، أو مخاطر يتعرض لها في أداء عمله، أو التي تتقرر للعامل لقاء العمل بموجب عقد العمل أو لائحة تنظيم العمل. ومن ذلك: العمولة، أو النسبة المئوية من المبيعات، أو النسبة المئوية من الأرباح، التي تدفع مقابل ما يقوم بتسويقه، أو إنتاجه، أو تحصيله، أو ما يحققه من زيادة الإنتاج أو تحسينه. البدلات التي يستحقها العامل لقاء طاقة يبذلها، أو مخاطر يتعرض لها في أداء عمله. الزيادات التي قد تمنح وفقًا لمستوى المعيشة، أو لمواجهة أعباء العائلة. المنحة أو المكافأة: هي التي يعطيها صاحب العمل للعامل، وما يصرف له جزاء أمانته، أو كفايته، وما شابه ذلك، إذا كانت هذه المنحة أو المكافأة مقررة في عقد العمل، أو لائحة تنظيم العمل للمنشأة، أو جرت العادة بمنحها، حتى أصبح العمال يعدونها جزءًا من الأجر لا تبرعًا. الميزات العينية: هي التي يلتزم صاحب العمل بتوفيرها للعامل مقابل عمله، بالنص عليها في عقد العمل أو في لائحة تنظيم العمل. وتقدر بحد أقصى يعادل الأجر الأساسي لمدة شهرين عن كل سنة، ما لم تقدر في عقد العمل أو لائحة تنظيم العمل بما يزيد على ذلك.
Fixed-size chunking,1313,250,legal_article,الثمانون,علاقات العمل,,https://www.hrsd.gov.sa/node/5576001,المصدر: نظام العمل السعودي الباب الخامس - علاقات العمل الفصل الثالث المادة الثمانون: النص: لا يجوز لصاحب العمل فسخ العقد دون مكافأة العامل ، أو إشعاره ، أو تعويضه ؛ إلا في الحالات الآتية ، وبشرط أن يتيح له الفرصة لكي يبدي أسباب معارضته للفسخ : إذا وقع من العامل اعتداء على صاحب العمل أو المدير المسئول أو أحد رؤسائه أو مرؤوسيه أثناء العمل أو بسببه. إذا لم يؤدِ العامل التزاماته الجوهرية المترتبة على عقد العمل أو لم يطع الأوامر المشروعة أو لم يراعِ عمداً التعليمات - التي أعلن عنها صاحب العمل في مكان ظاهر - الخاصة بسلامة العمل والعمال رغم إنذاره كتابة . إذا ثبت اتباع العامل سلوكاً سيئاً ، أو ارتكابه عملاً مخلاً بالشرف أو الأمانة . إذا وقع من العامل - عمداً - أيُّ فعلٍ أو تقصيرٍ يقصد به إلحاق خسارة مادية بصاحب العمل ، بشرط أن يبلغ صاحب العمل الجهات المختصة بالحادث خلال أربع وعشرين ساعة من وقت علمه بوقوعه . إذا ثبت أن العامل لجأ إلى التزوير ليحصل على العمل . إذا كان العامل معيناً تحت الاختبار . إذا تغيب العامل دون سبب مشروع أكثر من ثلاثين يوماً خلال السنة العقدية الواحدة أو أكثر من خمسة عشر يوماً متتالية ، على أن يسبق الفصل إنذار كتابي من صاحب العمل للعامل بعد غيابه عشرين يوماً في الحالة الأولى وانقطاعه عشرة أيام في الحالة الثانية . إذا ثبت أن العامل استغل مركزه الوظيفي بطريقة غير مشروعة للحصول على نتائج ومكاسب شخصية . إذا ثبت أن العامل أفشى الأسرار الصناعية أو التجارية الخاصة بالعمل الذي يعمل فيه .
Fixed-size chunking,1296,236,faq,,,قطاع الخدمة المدنية (العام),https://www.hrsd.gov.sa/contact-us/faq,المصدر: HRSD FAQ التصنيف: أفراد | العمالة المنزلية | كبار السن | قطاع الخدمة المدنية (العام) | مركز الرياض للسياسات السلوكية السؤال: هل يجوز تنازل الموظف عن الترقية التي حصل عليها سواء عن طريق المفاضلة أو المسابقة وما الذي يترتب على ذلك؟ الإجابة: الأصل أنه لا يجوز للموظف التنازل عن ترقيته التي حصل عليها عن طريق المفاضلة أو المسابقة لأن التنازل ليس حقاً للموظف، ولكن يجوز للإدارة أن تطلب التنازل في حالة تصحيح وضع نظامي أو وظيفي أو متى رأت أن هناك ظروف اضطرارية للموظف استدعته للتنازل عن ترقيته، وفي هذه الحالة وهي إقرار التنازل يترتب على ذلك الآتي: 1. يعاد إلى وظيفته ومرتبته السابقة براتبه الذي كان يتقاضاه عليها ويسوى راتبه بالعلاوة الدورية إذا كانت مستحقة. 2. لا يسترد منه ما صرف له من زيادة في الراتب نتيجة للترقية إلى المرتبة الأعلى حتى عودته إلى مرتبته السابقة، لأنه قد أدى العمل المقابل له من تلك المرتبة، ذلك لأن الراتب هو الأجر المقرر نظاماً لهذا العمل. 3. يعود إلى وضعه السابق بالنسبة لأقدميته في المرتبة المتنازل إليها قبل التنازل ذلك أن هذه الأقدمية لا يمكن إهدارها لأنها حق اكتسبه الموظف من الناحية النظامية، ولا يجوز حرمانه منه إلا بنص صريح. 4. لا يمنع من عودة الموظف إلى مقر عمله السابق إذا كان في جهة أخرى استحقاقه لبدل الترحيل الذي صرف له إذا كان النقل نتيجة الترقية، لأن بدل الترحيل قد صرف بسبب نظامي نتيجة للنقل الفعلي للموظف ولا يستحق بدل ترحيل آخر نتيجة لتنازله عن الترقية.
Fixed-size chunking,1236,195,faq,,,قطاع الخدمة المدنية (العام),https://www.hrsd.gov.sa/contact-us/faq,المصدر: HRSD FAQ التصنيف: أفراد | العمالة المنزلية | كبار السن | قطاع الخدمة المدنية (العام) | مركز الرياض للسياسات السلوكية السؤال: ما مدى إمكانية تطبيق أحكام التدريب الواردة في اللائحة التنفيذية للموارد البشرية في الخدمة المدنية على المستخدمين والعمال المعينين على بند الأجور في حالة الحاجة إلى إلحاقهم بدورات تدريبية؟ الإجابة: تنص المادة (9) من لائحة المستخدمين على أن (يصرف لشاغلي وظائف المستخدمين البدلات والمكافآت والتعويضات والمزايا التي تصرف لشاغلي المرتبة الأولى من نظام الخدمة المدنية...إلخ، كما تنص المادة (14) من لائحة المستخدمين على أنه (فيما لم تنظمه المواد السابقة تسري قواعد نظام الخدمة المدنية ولوائحه على المستخدمين)، وتنص المادة (11) من لائحة المعينين على بند الأجور على أن (يعامل المعينون على بند الأجور من حيث ساعات العمل والإجازات والعطل الرسمية والبدلات بما فيها بدل النقل والعلاوة الإضافية والمكافأة التشجيعية والتدريب طبقاً لما هو مقرر لشاغلي وظائف المستخدمين)، وعلى ضوء النصوص المتقدمة فإن أحكام التدريب الواردة في اللائحة التنفيذية للموارد البشرية في الخدمة المدنية تسري على المستخدمين والعمال المعينين على بند الأجور متى ما توافرت لديهم الضوابط المحددة لذلك، ويمكن تدريب المستخدمين والعمال المعينين على بند الأجور للرفع من مستواهم في مجال طبيعة عملهم أو في حالة الرغبة إلى إعدادهم وتوجيههم لمجالات عمل جديدة.
Fixed-size chunking,1209,221,faq,,,قطاع الخدمة المدنية (العام),https://www.hrsd.gov.sa/contact-us/faq,المصدر: HRSD FAQ التصنيف: أفراد | العمالة المنزلية | كبار السن | قطاع الخدمة المدنية (العام) | مركز الرياض للسياسات السلوكية السؤال: ما مدى تأثر بدل النقل الإضافي الذي يصرف للموظف المنتدب في حالة ما إذا دفعت الجهة أجرة السيارة من وإلى مكان الانتداب؟ الإجابة: : إن المادة (41/أ) من لائحة الحقوق والمزايا لمالية نصت على أن يؤمن للموظف تذكرة إركاب بالطائرة ذهاباً وإياباً في الحالات الآتية: - إذا انتدب في الداخل أو الخارج مدة لا تزيد على تسعين يوماً.. فإذا كان السفر إلى بدل لا تصله الطائرات فيصرف له أجرة سيارة صغيرة كاملة إذا كان من موظفي المرتبة العاشرة فما فوق وأجرة إركابه بالنقل الجامعي لما دون ذلك. - كما قضت المادة (36) من هذه اللائحة بأن يصرف للموظف المنتدب أو المكلف بالعمل الإضافي في غير أوقات الدوام الرسمي عن كل يوم من أيام تكليفه أو انتدابه بدل انتقال إضافي يعادل نسبة 1/30 من بدل الانتقال الشهري. - فإذا كان صرف أجرة السيارة أو أجرة الأركاب بالنقل الجماعي طبقاً للمادة (41/أ) كبديل عن تذكرة السفر للبلد الذي لا تصله الطائرات فإن بدل الانتقال الإضافي يصرف كبديل عن تأمين وسيلة النقل المناسبة في مقر انتدابه لا يتأثر أي من هذين البديلين بالآخر لأن لكل منهما نص خاص يحكمه إلا إذا ظلت السيارة التي نقلت الموظف تحت تصرفه طيلة فترة الانتداب، ففي هذه الحالة لا يستحق الموظف بدل النقل الإضافي سالف الذكر.
