eval_id,question,expected_answer_preview,top1_source_type,top1_article_number,top1_chunk_id,top1_score,token_overlap_score,char_ngram_similarity,faq_support_score,support_label,latency_sec,top_context_preview
1,هل يحق صاحب العمل في الاعتراض في عقد العمل الموثق سندًا تنفيذيًا؟,يحق لصاحب العمل الاعتراض على طلب التنفيذ عن طريق منصة ( ناجز )، حيث يتم إشعار صاحب العمل بطلب التنفيذ ويتم إعطاءه (5) أيام للاعتراض أو السداد.,faq,,FIXED_000216,1.0,0.45,0.38674836830488174,0.45,Strong,0.8827915191650391,نوع المصدر: سؤال شائع السؤال: متى يمكن للعامل التنفيذ على صاحب العمل في حال عدم التزامه بدفع الأجر لعقد العمل الموثق سندًا تنفيذيًا؟ الإجابة: في حال عدم السداد لكامل الاجر سيُمكن العامل من التنفيذ على صاحب العمل بعد مرور...
2,كيف يتم رفع طلب التنفيذ في حال عدم التزام صاحب العمل بسداد الأجر في عقد العمل الموثق سندًا تنفيذيًا؟,يتم وفق التالي: الدخول على منصة ناجز التابعة لوزارة العدل. الدخول على منصة ناجز التابعة لوزارة العدل. عن طريق خيار التنفيذ (تقديم طلب تنفيذ). عن طريق خيار التنف...,faq,,FIXED_000216,1.0,0.3684210526315789,0.32736128858023705,0.3684210526315789,Strong,0.5127215385437012,نوع المصدر: سؤال شائع السؤال: متى يمكن للعامل التنفيذ على صاحب العمل في حال عدم التزامه بدفع الأجر لعقد العمل الموثق سندًا تنفيذيًا؟ الإجابة: في حال عدم السداد لكامل الاجر سيُمكن العامل من التنفيذ على صاحب العمل بعد مرور...
3,ماهو بند العقد الخاضع للتنفيذ لعقد العمل الموثق سندًا تنفيذيًا؟,البند الخاضع للتنفيذ هو بند الأجر ويشمل ما يلي: الأجر الأساسي. بدل السكن حال وجوده. بدل النقل حال وجوده. إجمالي بدلات نقدية أخرى حال وجودها.,faq,,FIXED_000215,1.0,0.1111111111111111,0.24505042832177415,0.24505042832177415,Moderate,0.491180419921875,نوع المصدر: سؤال شائع السؤال: كيف يتم التحقق من استلام العامل للأجر الذي سيتم التنفيذ عليه في عقد العمل الموثق سندًا تنفيذيًا؟ الإجابة: يتم التحقق إلكترونيا وفق بيانات برنامج حماية الأجور ( منصة مدد ) والذي يوثق دفع أجور...
4,ماهي مراحل التطبيق على العقود الموثقة لعقد العمل الموثق سندًا تنفيذيًا؟,سيتم تطبيق نموذج عقد العمل الموحد الجديد (سند تنفيذي) بمنصة قوى على ثلاث مراحل: المرحلة الأولى: تشمل العقود الجديدة (العلاقة التعاقدية الجديدة) أو في حال التحدي...,faq,,FIXED_000217,1.0,0.3684210526315789,0.47986196038246515,0.47986196038246515,Strong,0.5022234916687012,نوع المصدر: سؤال شائع السؤال: كيفية توثيق عقد العمل على نموذج عقد العمل الجديد (التنفيذي)؟ الإجابة: يتم التوثيق عبر منصة ( قوى ) حيث تتقدم المنشأة بطلب توثيق العقد أو تحديث العقود القائمة. يتم التوثيق عبر منصة ( قوى ) حي...
5,ماهي متطلبات الاستفادة من مبادرة عقد العمل الموثق سندًا تنفيذيًا؟,وجود عقد عمل موثق بمنصة (قوى) وفق نموذج عقد العمل التنفيذي وجود عقد عمل موثق بمنصة (قوى) وفق نموذج عقد العمل التنفيذي أن يكون لعقد العمل رقم تنفيذ عبر مركز التو...,faq,,FIXED_000217,1.0,0.56,0.4883356978120391,0.56,Strong,0.5084671974182129,نوع المصدر: سؤال شائع السؤال: كيفية توثيق عقد العمل على نموذج عقد العمل الجديد (التنفيذي)؟ الإجابة: يتم التوثيق عبر منصة ( قوى ) حيث تتقدم المنشأة بطلب توثيق العقد أو تحديث العقود القائمة. يتم التوثيق عبر منصة ( قوى ) حي...
6,ما هي الجهة المشرعة لبرنامج حماية الأجور؟,وزارة الموارد البشرية والتنمية الاجتماعية.,faq,,FIXED_000221,1.0,1.0,0.5161919763428052,1.0,Strong,0.499845027923584,نوع المصدر: سؤال شائع السؤال: ما هو نظام حماية الأجور؟ الإجابة: هو برنامج أطلقته وزارة الموارد البشرية والتنمية الاجتماعية عام ٢٠١٣ يمكّن المنشآت من رفع ملفات أجور العاملين فيها ويعمل على رصد نسب الالتزام والمخالفات ومعا...
7,ما هي أهداف برنامج حماية الأجور؟,تحسين العلاقة التعاقدية بين صاحب العمل والعامل، وضمان حقوق العمال والموظفين ودفع رواتبهم وفقاً للشروط المتفق عليها في عقد العمل.,faq,,FIXED_000221,1.0,0.3333333333333333,0.36172698022938105,0.36172698022938105,Strong,0.49672770500183105,نوع المصدر: سؤال شائع السؤال: ما هو نظام حماية الأجور؟ الإجابة: هو برنامج أطلقته وزارة الموارد البشرية والتنمية الاجتماعية عام ٢٠١٣ يمكّن المنشآت من رفع ملفات أجور العاملين فيها ويعمل على رصد نسب الالتزام والمخالفات ومعا...
8,ما هو تاريخ بداية العقد لمن أكمل 5 سنوات وكيف تحسب فترة الخدمة السابقة لتسجيل العقد؟,يجب إدخال تاريخ المباشرة كما هو مذكور في أول عقد للموظف مع المنشأة.,legal_article,84,FIXED_000086,1.0,0.3,0.13567844070969512,0.3,Moderate,0.5049448013305664,نوع المصدر: مادة قانونية اسم المصدر: نظام العمل السعودي التصنيف القانوني: علاقات العمل الباب: علاقات العمل الفصل: الفصل الرابع رقم المادة: 84 عنوان المادة: المادة الرابعة والثمانون: حالة المادة: فعالة النص: المصدر: نظام ...
9,كيف يرسل العقد للموظف؟,يرسل طلب توثيق العقد إلى حساب الموظف الخاص بالأفراد في منصة قوى ، وسوف يتم إشعار الموظف برسالة نصية و بريد إلكتروني،و من ثم عليه الذهاب إلى العقود الوظيفية لمرا...,faq,,FIXED_000224,1.0,0.32727272727272727,0.5452493443378771,0.5452493443378771,Strong,0.4941885471343994,نوع المصدر: سؤال شائع السؤال: هل يمكنني تعديل أو سحب العقد بعد الإرسال للموظف؟ الإجابة: يمكن طلب سحب العقد بغرض التعديل إذا كانت حالة العقد (بانتظار موافقة الموظف) وإعادة إرساله للموظف من جديد للموافقة على التعديلات عن ط...
10,هل تمكن البوابة والانظمة التابعة لها المستخدم الاعتباري (الشركات) من تعديل بياناتها,نعم تمكن البوابة والأنظمة التابعة لها المستخدم الاعتباري (الشركات) من تعديل بياناتها وقد تم توضيح ذلك من خلال الدليل العام للمنصات دليل مستخدم قوى دليل مستخدم م...,faq,,FIXED_000231,1.0,0.9230769230769231,0.6964139910243359,0.9230769230769231,Strong,0.4930453300476074,نوع المصدر: سؤال شائع السؤال: هل تمكن البوابة والانظمة التابعة لها المستخدم من تعديل بياناته. الإجابة: نعم تمكن البوابة والأنظمة التابعة لها المستفيد من تعديل بياناته وقد تم توضيح ذلك من خلال الدليل العام للمنصات دليل مس...
11,هل تمكن البوابة والانظمة التابعة لها المستخدم من الوصول إلى البيانات الشخصية؟,نعم تمكن البوابة والأنظمة التابعة لها المستفيد من الوصول إلى البيانات الشخصية وقد تم توضيح ذلك من خلال الدليل العام للمنصات دليل مستخدم قوى دليل مستخدم مساند دل...,faq,,FIXED_000222,1.0,1.0,0.7468033211474003,1.0,Strong,0.4186234474182129,نوع المصدر: سؤال شائع السؤال: هل يتم إضافة البيانات التي تملكها الوزارة في الأصل للحقول المناسبة دون الحاجة الى إدخالها من المستخدم (إعادة استخدام البيانات) ؟ الإجابة: يتم تطبيق مبدأ إعادة استخدام البيانات حيث تمكن البوا...
12,هل جميع السلالم ممكنة للجهات الحكومية؟,سلم الموظفين العام للمرتبة العاشرة فما دون,faq,,FIXED_000442,1.0,0.42857142857142855,0.26286747125616466,0.42857142857142855,Strong,0.4122812747955322,نوع المصدر: سؤال شائع السؤال: مدى شمول قرار مجلس الخدمة المدنية رقم (1/1811) وتاريخ 28/2/1435هـ لجميع سلالم الرواتب الوظيفية المعادلة لسلم رواتب الموظفين العام؟ الإجابة: وفقاً لنص الفقرة (أولاً) من قراري مجلس الخدمة المد...
13,ماهي خدمة نقل العمل برقم الحدود,خدمة تمكّن المنشآت من إصدار رخصة عمل استثنائية محدودة فقط؛ لغرض نقل خدمة وافد تجاوزت فترة دخوله المملكة ٩٠ يوماً دون أن يتم إصدار رخصة عمل له.,faq,,FIXED_000379,1.0,0.3157894736842105,0.19840561022787298,0.3157894736842105,Moderate,0.45328235626220703,نوع المصدر: سؤال شائع السؤال: ماهي خدمة التنقل الوظيفي؟ الإجابة: هي خدمة تتيح للعامل الوافد الانتقال للعمل عند صاحب عملٍ آخر عند انتهاء عقد عمله دون الحاجة لموافقة صاحب العمل، وتحدد آليات الانتقال خلال سريان العقد بشرط ا...
14,هل يضمن مكتب شركة الاستقدام أهلية العمالة التي يتم اختيارهم من قبل صاحب العمل بنفسه (معين باسم)؟,يضمن مكتب/شركة الاستقدام العمالة الذين يختارهم صاحب العمل بنفسه (معين باسم) 3 شهور فترة ضمان العامل/ـة بناءً على العقد المبرم بين الطرفين.,faq,,FIXED_000346,1.0,0.6818181818181818,0.4722008991100785,0.6818181818181818,Strong,0.5150601863861084,نوع المصدر: سؤال شائع السؤال: من هو المسؤول عن دفع قيمة قسط التأمين على عقد العمالة المنزلية؟ الإجابة: تدفع قيمة التقسيط ضمن تكاليف الاستقدام؛ حيث تقوم مكاتب الاستقدام وشركات الاستقدام التي تتوسط في استقدام العمالة المنز...
15,هل يمكنني تغيير مهنة الموظف الوافد إلى مهنة خاضعة لقرارات التوطين؟,لا يمكن ذلك,faq,,FIXED_000361,1.0,1.0,0.04518830055741464,1.0,Strong,0.3709139823913574,نوع المصدر: سؤال شائع السؤال: هل يمكن تعديل المهنة بعد تطبيق المبادرة؟ الإجابة: لا يوجد تعديل على إجراءات تعديل المهنة المتبعة حالياً. التصنيف: أصحاب عمل | أفراد | العمالة المنزلية | كبار السن | قطاع العمل | مركز الرياض ...
16,هل يمكن تغيير المهنة في التأشيرة بعد إصدارها؟,يمكن تغيير المهنة للموظف بعد القدوم أو إلغاء التأشيرة وإعادة إصدارها باختيار المهنة المطلوبة,faq,,FIXED_000361,1.0,0.4166666666666667,0.3285807467044836,0.4166666666666667,Strong,0.49842023849487305,نوع المصدر: سؤال شائع السؤال: هل يمكن تعديل المهنة بعد تطبيق المبادرة؟ الإجابة: لا يوجد تعديل على إجراءات تعديل المهنة المتبعة حالياً. التصنيف: أصحاب عمل | أفراد | العمالة المنزلية | كبار السن | قطاع العمل | مركز الرياض ...
17,ماذا لو كانت نتائج التقييم الذاتي للمنشأة غير جيّدة؟,الهدف من مرحلة التقييم الذاتي أن تتعرّف المنشأة على نسبة امتثالها لأنظمة العمل ثمّ العمل على تصحيح الأخطاء والمخالفات، ولن يترتب على المنشأة أي غرامات مالية في ...,faq,,FIXED_000246,1.0,0.55,0.5113274687554029,0.55,Strong,0.4912707805633545,نوع المصدر: سؤال شائع السؤال: لماذا يتوجب على المنشأة القيام بالتقيّيم الذاتي؟ الإجابة: التقييم الذاتي يساعد المنشأة على التعرّف بأنظمة وقوانين وزارة الموارد البشرية والتنمية الاجتماعية وتصحيح الأخطاء ذاتيًّا مما يحميها ...
18,ما هي منصة التقييم الذاتي؟,هي منصة تهدف إلى تحقيق أعلى درجات الامتثال لأنظمة وزارة الموارد البشرية والتنمية الاجتماعية من خلال حلقةٍ متكاملة تبدأ بتقييم المنشأة لنفسها ذاتيًّا والعمل على ...,faq,,FIXED_000246,1.0,0.4827586206896552,0.5069922363678362,0.5069922363678362,Strong,0.4993462562561035,نوع المصدر: سؤال شائع السؤال: لماذا يتوجب على المنشأة القيام بالتقيّيم الذاتي؟ الإجابة: التقييم الذاتي يساعد المنشأة على التعرّف بأنظمة وقوانين وزارة الموارد البشرية والتنمية الاجتماعية وتصحيح الأخطاء ذاتيًّا مما يحميها ...
19,هل هنالك مؤهلات محدده للانضمام للبرنامج؟,لا يوجد مؤهلات محددة في العمل عن بعد، لكن على حسب متطلبات كل شركة تحدد المؤهل المطلوب للوظائف المعروضة,faq,,FIXED_000272,1.0,0.13333333333333333,0.23567914489599293,0.23567914489599293,Moderate,0.4137747287750244,نوع المصدر: سؤال شائع السؤال: ما هي الفئات التي يمكنها الانضمام لبرنامج العمل عن بعد؟ الإجابة: برنامج العمل عن بعد متاح لجميع الفئات من الإناث والذكور وذوي الإعاقة. التصنيف: أصحاب عمل | أفراد | العمالة المنزلية | كبار ال...
20,"ما هي معايير الحصول على شهادة ""مواءمة""؟","يشترط للحصول على شهادة ""مواءمة"" توفر ثمانية معايير لدى المنشأة وهي: الالتزام، والمعرفة، والتوظيف، وإدارة الموارد البشرية، والمنتجات والخدمات، والتواصل، والمرافق...",faq,,FIXED_000257,1.0,0.20833333333333334,0.25683892416758086,0.25683892416758086,Moderate,0.5162055492401123,"نوع المصدر: سؤال شائع السؤال: ما هو تصنيف الشهادات في برنامج ""مواءمة""؟ الإجابة: يعتمد منح شهادة ""مواءمة"" على الدرجة التي حصلت عليها المنشأة بعد عملية التدقيق من المدقق المعتمد، وفيما يلي أنواع الشهادات: المرتبة الذهبية: ..."
21,"ما هي الجهات المستفيدة من برنامج ""مواءمة""؟",جميع منشآت القطاع الخاص بمختلف النشاطات.,faq,,FIXED_000259,1.0,0.3333333333333333,0.22127523841214777,0.3333333333333333,Moderate,0.4106101989746094,"نوع المصدر: سؤال شائع السؤال: لماذا توجد رسوم مالية على برنامج ""مواءمة""؟ وهل تعود لوزارة الموارد البشرية والتنمية الاجتماعية؟ الإجابة: انطلاقًا من مبدأ الشراكة مع القطاع الخاص، فإن وزارة الموراد البشرية تتعامل مع رسوم ال..."
22,"لماذا أشارك في برنامج ""مواءمة""؟","صمّم برنامج ""مواءمة"" لدعم زيادة مشاركة الأشخاص ذوي الإعاقة في سوق العمل السعودي، بالإضافة إلى تشجيع المنشآت العملاقة والكبيرة للحصول على الشهادة حسب القرار الوز...",faq,,FIXED_000259,1.0,0.47368421052631576,0.5327443577127221,0.5327443577127221,Strong,0.4062807559967041,"نوع المصدر: سؤال شائع السؤال: لماذا توجد رسوم مالية على برنامج ""مواءمة""؟ وهل تعود لوزارة الموارد البشرية والتنمية الاجتماعية؟ الإجابة: انطلاقًا من مبدأ الشراكة مع القطاع الخاص، فإن وزارة الموراد البشرية تتعامل مع رسوم ال..."
23,هل يمكن إلغاء رخصة العمل ؟,لا يمكن إلغاء رخصة العمل بعد إصدارها أو تجديدها.,faq,,FIXED_000242,1.0,0.5714285714285714,0.25871753288101423,0.5714285714285714,Strong,0.4753696918487549,نوع المصدر: سؤال شائع السؤال: هل يمكن إلغاء التأشيرة المصدرة من مساند؟ الإجابة: نعم يمكنك إلغاء التأشيرة من خلال حساب مقدم الطلب لدى مساند: التأشيرات المصدرة - اختيار التأشيرة المراد إلغاؤها - إلغاء التأشيرة. التصنيف: أص...
24,متى يُلزم الموظف بإصدار رخصة العمل؟,يجب على المنشأة إصدار رخصة العمل للموظف الوافد خلال أول 90 يوم بعد دخوله للمملكة.,faq,,FIXED_000269,1.0,0.5714285714285714,0.2804413920831489,0.5714285714285714,Strong,0.4960622787475586,نوع المصدر: سؤال شائع السؤال: متى يتاح تجديد رخصة العمل؟ الإجابة: يسمح للمنشأة بتجديد رخصة العمل في حال تبقي 180 يوم أو أقل على انتهاء صلاحيتها. التصنيف: أصحاب عمل | أفراد | العمالة المنزلية | كبار السن | قطاع العمل | مر...
25,هل يجب إبلاغ أو مرجعة أو تسليم قائمة العمال السعوديين إلى وزارة الموارد البشرية بعد تسجيلهم بالتأمينات؟,لا غير مطلوب منك ذلك حيث سيتم قراءتها آليا من قبل برنامج نطاقات.,faq,,FIXED_000283,1.0,0.2727272727272727,0.08100603719412602,0.2727272727272727,Moderate,0.5018784999847412,نوع المصدر: سؤال شائع السؤال: كيف يمكن التأكد من أن نطاق المنشأة يعكس النطاق الحقيقي الذي تستحقه؟ الإجابة: على المنشآت إتباع الخطوات التالية لتعديل بياناتهم والحصول على التقييم الحقيقي: التأكد من تطابق رقم المنشأة في الا...
26,سبب اختلاف عدد العمال السعوديين الظاهرين لدى الموارد البشرية عن العدد الفعلي لدي؟,أعداد السعوديين في الوزارة هو مطابق لما في التأمينات بعد تحديث بيانات المنشأة، لذلك يلزمك سداد جميع مبالغ اشتراكات العمال للتأمينات اما نسبة السعودة فهي مرتبطة ...,faq,,FIXED_000283,1.0,0.4,0.4336363149219926,0.4336363149219926,Strong,0.4845609664916992,نوع المصدر: سؤال شائع السؤال: كيف يمكن التأكد من أن نطاق المنشأة يعكس النطاق الحقيقي الذي تستحقه؟ الإجابة: على المنشآت إتباع الخطوات التالية لتعديل بياناتهم والحصول على التقييم الحقيقي: التأكد من تطابق رقم المنشأة في الا...
27,هل يتم احتساب الفرد الذي يعمل لدى أكثر من منشأة في نفس الوقت ضمن نسبة التوطين؟,لن يتم احتساب المشترك الذي يعمل في نفس الوقت إلا لدى صاحب العمل الأول الذي سجل عنده وذلك حسب متطلبات وزارة الموارد البشرية والتنمية الاجتماعية.,faq,,FIXED_000283,1.0,0.6818181818181818,0.46897241183061045,0.6818181818181818,Strong,0.5127577781677246,نوع المصدر: سؤال شائع السؤال: كيف يمكن التأكد من أن نطاق المنشأة يعكس النطاق الحقيقي الذي تستحقه؟ الإجابة: على المنشآت إتباع الخطوات التالية لتعديل بياناتهم والحصول على التقييم الحقيقي: التأكد من تطابق رقم المنشأة في الا...
28,كيف يحسب الخليجي في نسب التوطين؟,يحسب العامل الخليجي كسعودي واحد في نسب التوطين,faq,,FIXED_000332,1.0,0.42857142857142855,0.2925588029760009,0.42857142857142855,Strong,0.48399782180786133,نوع المصدر: سؤال شائع السؤال: ماهي آلية احتساب نسب التوطين بعد تطبيق نطاقات المطور؟ الإجابة: يتم احتساب نسب التوطين عن طريق تطبيق المعادلة المذكورة في الدليل الإجرائي، ولمعرفة قيم مدخلات المعادلة يرجى الاطلاع على ملحق ال...
29,كيف يحسب الوافد وزوجته سعودية أو الوافدة وزوجها سعودي؟,يحسب الوافد الوافدة وزوجته زوجها سعودية سعودي كسعودي إذا كان كانت على كفالة زوجته زوجها وفي حالة نقل كفالته كفالتها على المنشأة يحسب كوافد أجنبي,legal_article,7,FIXED_000008,1.0,0.18181818181818182,0.1478484979227062,0.18181818181818182,Weak,0.4784057140350342,نوع المصدر: مادة قانونية اسم المصدر: نظام العمل السعودي التصنيف القانوني: التعريفات / الأحكام العامة الباب: التعريفات / الأحكام العامة الفصل: الفصل الثاني رقم المادة: 7 عنوان المادة: المادة السابعة : حالة المادة: فعالة ا...
30,كيف يتم احتساب من سبق ونفذ بحقه عقوبة سجن؟,يحسب السعودي بسعوديين 2 في أول منشأة التحق بها بعد تنفيذ الحكم وحتى يصبح سجله خالياً، ويتطلب من صاحب العمل تسجيله في مكتب التأمينات الاجتماعية.,faq,,FIXED_000413,1.0,0.38095238095238093,0.4079369820557552,0.4079369820557552,Strong,0.48291873931884766,نوع المصدر: سؤال شائع السؤال: موظف كفت يده عن العمل على أثر سجنه ثم أفرج عنه وباشر عمله وتمت مساءلته على إثر ذلك تأديبياً حيث حكم عليه بالفصل وكان أثناء فترة كف اليد لا تصرف له أنصاف الرواتب، ما مدى استحقاقه لأنصاف الروا...
31,هل يحدد برنامج نطاقات العائد المادي؟,إن برنامج نطاقات يتعامل مع تحدي البطالة من منطلق عام يتعلق بتحديد النسب الملزمة للتوطين في كافة منشآت القطاع الخاص ثم يأتي برنامج حافز لإعانة الباحثين عن العمل ...,faq,,FIXED_000281,1.0,0.26229508196721313,0.5201739986208103,0.5201739986208103,Strong,0.506279468536377,نوع المصدر: سؤال شائع السؤال: ما هو برنامج نطاقات؟ وكيف يحسن بيئة العمل للسعوديين؟ الإجابة: يأتي برنامج نطاقات كمعيار جديد لتحفيز المنشآت على توطين الوظائف، تقوم الوزارة مستخدمةً آلية حساب التوطين بتصنيف الكيانات داخل كل...
32,ما هي الخطوات المتبعة عند تغيب عامل الخدمة المنزلية؟,عند ترك عامل الخدمة المنزلية العمل، على صاحب العمل أن يبلغ أقرب مركز شرطة لمقر منزله، وعلى مركز الشرطة المبلغ القيام بالآتي: إبلاغ إدارة الجوازات بهرب العامل لا...,faq,,FIXED_000284,1.0,0.3191489361702128,0.5858069749039101,0.5858069749039101,Strong,0.5041728019714355,نوع المصدر: سؤال شائع السؤال: ما هو العمل الذي لا يمكن تكليف العمالة المنزلية به؟ الإجابة: يلتزم صاحب العمل بالآتي: 1 - ألاَّ يكلف عامل الخدمة المنزلية بغير العمل المتفق عليه، إلا في حالات الضرورة، بشرط ألا يختلف العمل ا...
33,ما هي عقوبة المخالفة من قِبل صاحب العمل؟,مع عدم الإخلال بالعقوبات الواردة في الأنظمة الأخرى يعاقب عامل الخدمة المنزلية الذي يخالف أحكام هذه اللائحة وفق الآتي: • غرامة مالية لا تزيد عن ألفي ريال، أو بمن...,legal_article,66,FIXED_000067,1.0,0.39215686274509803,0.4918909522399403,0.4918909522399403,Strong,0.741462230682373,نوع المصدر: مادة قانونية اسم المصدر: نظام العمل السعودي التصنيف القانوني: علاقات العمل الباب: علاقات العمل الفصل: الفصل الثاني رقم المادة: 66 عنوان المادة: المادة السادسة والستون: حالة المادة: فعالة النص: المصدر: نظام ال...
34,ما هي المدة النظامية التي يحق للعامل فيها مطالبة صاحب العمل بحقوقه؟,لا تقبل أمام المحاكم العمالية أي دعوى تتعلق بالمطالبة بحق من الحقوق المنصوص عليها في هذا النظام أو الناشئة عن عقد العمل بعد مضي 12 شهر من تاريخ انتهاء علاقة الع...,legal_article,81,FIXED_000083,1.0,0.8837209302325582,0.6309322284871749,0.8837209302325582,Strong,0.7746720314025879,نوع المصدر: مادة قانونية اسم المصدر: نظام العمل السعودي التصنيف القانوني: علاقات العمل الباب: علاقات العمل الفصل: الفصل الثالث رقم المادة: 81 عنوان المادة: المادة الحادية والثمانون: حالة المادة: فعالة النص: المصدر: نظام ...
35,ما هو الأجر الذي يتم عليه احتساب مكافأة نهاية الخدمة؟ هل هو الأساسي أم الإجمالي؟,إذا انتهت علاقة العمل وجب على صاحب العمل أن يدفع إلى العامل مكافأة عن مدة خدمته تحسب على أساس أجر نصف شهر عن كل سنة من السنوات الخمس الأولى، وأجر شهر عن كل سنة ...,legal_article,84,FIXED_000086,1.0,0.8775510204081632,0.8024875206458496,0.8775510204081632,Strong,0.5124073028564453,نوع المصدر: مادة قانونية اسم المصدر: نظام العمل السعودي التصنيف القانوني: علاقات العمل الباب: علاقات العمل الفصل: الفصل الرابع رقم المادة: 84 عنوان المادة: المادة الرابعة والثمانون: حالة المادة: فعالة النص: المصدر: نظام ...
36,ماهي الجهات المرتبطة في منصة مُدد لإدارة الرواتب؟,"وزارة الموارد البشرية والتنمية الاجتماعية. نظام حماية الأجور. المؤسسة العامة للتأمينات الاجتماعية. البنوك السعودية: بنك الرياض ,البنك العربي وبنك الإنماء و بنك ...",faq,,FIXED_000290,1.0,0.375,0.5641078277799934,0.5641078277799934,Strong,0.5024137496948242,نوع المصدر: سؤال شائع السؤال: ما هي الخدمات المقدمة في نظام مُدد لإدارة الرواتب؟ الإجابة: تقدم منصة مُدد الخدمات التالية: إدارة البيانات: يقوم النظام بتوفير جميع بيانات المنشأة وبيانات الموظفين بشكل مباشر من خلال نظام ال...
37,في حال تحويل الرواتب عبر البنك، كيف أحصل على ملف حماية الأجور؟,تقدم بطلب من المصرف للحصول على ملف الأجور موقّع إلكترونيًا ثم قم بزيارة منصة مُدد والتسجيل واختيار المنشأة ورفع ملف الأجور بعد إدخال البيانات الصحيحة المطلوبة.,faq,,FIXED_000290,1.0,0.47619047619047616,0.4003940710989428,0.47619047619047616,Strong,0.5102086067199707,نوع المصدر: سؤال شائع السؤال: ما هي الخدمات المقدمة في نظام مُدد لإدارة الرواتب؟ الإجابة: تقدم منصة مُدد الخدمات التالية: إدارة البيانات: يقوم النظام بتوفير جميع بيانات المنشأة وبيانات الموظفين بشكل مباشر من خلال نظام ال...
38,ما المقصود بالتسويات؟,التسويات المالية هي المبالغ المالية التي تقوم منشأة بتقديمها للعامل كمثال: دفع الأجور المتأخرة لأكثر من ٩٠ يومًا. دفع أجر العمل الإضافي. دفع بدل سكن مقدم. أي عم...,faq,,FIXED_000307,1.0,0.3448275862068966,0.5124714006886595,0.5124714006886595,Strong,0.7869877815246582,نوع المصدر: سؤال شائع السؤال: ماذا لو تسبب العامل بأي تلفيات؟ الإجابة: وفقاً لنص المادة (91) من نظام العمل السعودي: 1- إذا تسبب عامل في فقد أو إتلاف أو تدمير آلات أو منتجات يملكها صاحب العمل أو هي في عهدته وكان ذلك ناشئً...
39,ماهي أنواع الأجور؟,أ - العمال باليومية: تصرف أجورهم مرة كل أسبوع على الأقل. ب - العمال ذوو الأجور الشهرية: تصرف أجورهم مرة في الشهر. ج - إذا كان العمل يؤدى بالقطعة، ويحتاج لمدة تز...,faq,,FIXED_000298,1.0,0.925,0.5189614593292503,0.925,Strong,0.4905683994293213,نوع المصدر: سؤال شائع السؤال: ماهي الأجور؟ الإجابة: الأجر الأساسي: كل ما يعطى للعامل مقابل عمله، بموجب عقد عمل مكتوب أو غير مكتوب، مهما كان نوع الأجر أو طريقة أدائه، مضافًا إليه العلاوات الدورية. الأجر الفعلي: الأجر الأس...
40,كيف يتم تعويض العامل عن الإصابة في حالتي العجز (الدائم-المؤقت)؟,للمصاب في حالة عجزه المؤقت عن العمل الناتج من إصابة عمل الحق في معونة مالية تعادل أجره كاملًا لمدة ستين يوماً ثم يستحق مقابلًا ماليًّا يعادل 75 % من أجره طوال ا...,legal_article,138,FIXED_000141,1.0,0.9381443298969072,0.5964513127757382,0.9381443298969072,Strong,0.7774913311004639,نوع المصدر: مادة قانونية اسم المصدر: نظام العمل السعودي التصنيف القانوني: الوقاية من مخاطر العمل والوقاية من الحوادث الصناعية الكبرى وإصابات العمل والخدمات الصحية والاجتماعية الباب: الوقاية من مخاطر العمل والوقاية من الح...
41,كيف اتابع الشكوى وما هي الوثائق المطلوبة؟,على العميل متابعة الموضوع مع مكتب الشكاوى في وزارة الموارد البشرية والتنمية الاجتماعية عن طريق مركز الاتصال أو الحضور شخصياً إلى الوزارة وإبراز رقم الشكوى المقد...,faq,,FIXED_000306,1.0,0.4358974358974359,0.5780312547179282,0.5780312547179282,Strong,0.5063159465789795,نوع المصدر: سؤال شائع السؤال: كيف أقدم شكوى على أحد الموظفين في مكاتب العمل؟ وما الحل إذا لم تتم الإفادة من المدير المباشر؟ الإجابة: على العميل التوجه إلى مكتب العمل الذي يعمل فيه الموظف، وتقديم الشكوى للمدير المباشر حيث...
42,ما هي الوثائق المطلوبة لتقديم دعوى عمالية إلكترونياً؟,التوجه إلى منصة ودي المقدمة من وزارة الموارد البشرية والتنمية الاجتماعية عبر الرابط التالي: https://www.mol.gov.sa/securessl/login.aspx&nbsp ; إرفاق عقد العمل إ...,faq,,FIXED_000357,1.0,0.2653061224489796,0.4548971373427341,0.4548971373427341,Strong,0.5095314979553223,نوع المصدر: سؤال شائع السؤال: اعرف حقوق العمال؟ الإجابة: 1. خدمة التظلمات : خدمة الكترونية تمكن المستخدمين من رفع التظلمات و متابعتها و الرد عليها من قبل الجهات المعنية كما و تتيح الإطلاع على الإفادة الكترونيا​ 3. السلام...
43,هل يمكن إلزام الموظفين بالعمل خلال إجازة عيد الفطر؟,لعدم منح الموظف إجازة عيد الفطر (لمدة 4 أيام) غرامة قدرها 5000 ريال على كل موظف لم يمنح هذه الإجازة. في المنشاة. المادة 50 من جدول المخالفات,faq,,FIXED_000485,1.0,0.5238095238095238,0.35185442262971306,0.5238095238095238,Strong,0.4537689685821533,نوع المصدر: سؤال شائع السؤال: موظف يتمتع بإجازة استثنائية تنتهي مع نهاية أخر يوم عمل قبل اجازة العيد ويطلب اجاز استثنائية اخرى مع بداية أول يوم عمل بعد اجازة العيد؟ الإجابة: لا يوجد ما يمنع نظاماً متى رغب الموظف ووافقت ج...
44,هل عدد ساعات العمل للعامل غير المسلم أكثر من العامل المسلم في شهر رمضان المبارك؟,لا يجوز تشغيل العامل تشغيلاً فعلياً أكثر من ثماني ساعات في اليوم الواحد ، إذا اعتمد صاحب العمل المعيار اليومي ، أو أكثر من ثمان وأربعين ساعة في الأسبوع ، إذا اع...,faq,,FIXED_000313,1.0,1.0,0.6353776952276531,1.0,Strong,0.5061156749725342,نوع المصدر: سؤال شائع السؤال: كم عدد ساعات العمل ؟ الإجابة: لا يجوز تشغيل العامل تشغيلًا فعليًّا أكثر من 8 ساعات في اليوم الواحد، إذا اعتمد صاحب العمل المعيار اليومي، أو أكثر من 48 ساعة في الأسبوع، إذا اعتمد المعيار الأس...
45,ماهي حقوق العامل في الإجازة المرضیة؟,للعامل الذي يثبت مرضه الحق في إجازة مرضية بأجر عن الثلاثين يومًا الأولى، وبثلاثة أرباع الأجر عن الستين يومًا التالية، ودون أجر للثلاثين يومًا التي تلي ذلك خلال ...,legal_article,117,FIXED_000119,1.0,0.4606741573033708,0.6066441963348944,0.6066441963348944,Strong,0.5061824321746826,نوع المصدر: مادة قانونية اسم المصدر: نظام العمل السعودي التصنيف القانوني: شروط العمل وظروفه الباب: شروط العمل وظروفه الفصل: الفصل الرابع رقم المادة: 117 عنوان المادة: المادة السابعة عشرة بعد المائة: حالة المادة: فعالة ال...
46,هل تستحق العاملة إجازة وضع في حال الإجهاض لا قدر الله؟,فيما يتعلق بإجازة الوضع، فإنه طالما أن المادة 151 من نظام العمل السعودي نصت صراحة على استحقاق المرأة العاملة لهذه الإجازة في حالة الوضع فقط، ولم يتطرق النظام إل...,faq,,FIXED_000315,1.0,0.4186046511627907,0.5662986353351587,0.5662986353351587,Strong,0.5187790393829346,نوع المصدر: سؤال شائع السؤال: أيام الإجازة بحالة الوفاة لا قدر الله الإجابة: للعامل الحق في إجازة بأجر كامل لمدة خمسة أيام في حالة وفاة زوجه أو أحد أصوله أو فروعه، ويقصد بالأصول الآباء والأجداد ويقصد بالفروع الأبناء والب...
47,ماهي حقوق المرأة العاملة في الإجازات في حالة الحمل والولادة؟,على صاحب العمل توفير الرعاية الطبية للمرأة العاملة أثناء الحمل والولادة. (المادة 153) لا يجوز لصاحب العمل فصل العاملة أو إنذارها بالفصل أثناء حملها أو تمتعها بإ...,faq,,FIXED_000328,1.0,0.26666666666666666,0.4765848337525262,0.4765848337525262,Strong,0.5193870067596436,نوع المصدر: سؤال شائع السؤال: ماهي الإجازات المستحقة للمرأة العاملة؟ الإجابة: للمرأة العاملة الحق في إجازة وضع بأجر كامل لمدة عشرة أسابيع توزعها كيف تشاء؛ تبدأ بحدٍّ أقصى بأربعة أسابيع قبل التاريخ المرجح للوضع، ويحدد الت...
48,كيف يتم التأكد من قبل الوزارة على تحقق الاشتراطات في المحلات المخصصة للنساء؟,تقوم وزارة الموارد البشرية والتنمية الاجتماعية بحملات تفتيشية للتحقق من تطبيق أصحاب المحلات للقرار والالتزام بضوابطه.,faq,,FIXED_000331,1.0,0.5333333333333333,0.34670091599831876,0.5333333333333333,Strong,0.512932538986206,نوع المصدر: سؤال شائع السؤال: ماهي الحقوق والواجبات العامة للمرأة العاملة؟ الإجابة: على صاحب العمل في جميع الأماكن التي يعمل فيها نساء وفي جميع المهن أن يوفر لهن مقاعد تأمينًا لاستراحتهن. في المنشآت النسائية المغلقة يجب ...
49,ماذا يعني نظام التعاقد الرسمي ؟,أسلوب ينظم العلاقة بين الموظف والجهة لأداء مهمات الوظائف بدوام كامل من خلال عقد بين الطرفين وفق نموذج العقد الوارد في أطر العمل التنظيمية للائحة التنفيذية للموا...,faq,,FIXED_000253,1.0,0.2692307692307692,0.5335860817628391,0.5335860817628391,Strong,0.549213171005249,نوع المصدر: سؤال شائع السؤال: ماهي الـمـــزايــــا المــقــدمـــة من وثيقة العمل الحـر؟ الإجابة: التسجيل الإختياري في التأمينات الاجتماعية. التعاقد مع الجهات الحكومية والخاصة بإستخدام الوثيقة كمستند رسمي. فتح حساب بنكي م...
50,هل يوجد ضوابط أو شروط إضافية للوظائف المشمولة بسلالم الرواتب ؟,الوظائف المشمولة بسلم رواتب الوظائف التعليمية يشترط لها بالإضافة للدرجة العلمية والتخصص المناسب اجتياز اختبار كفايات المعلمين والمعلمات وإصدار الرخصة المهنية ال...,faq,,FIXED_000449,1.0,0.1,0.4638964741817914,0.4638964741817914,Strong,0.5177865028381348,نوع المصدر: سؤال شائع السؤال: هل يطالب المستخدم المثبت على وظيفة مشمولة بسلم رواتب الموظفين العام بموجب الأمر السامي رقم (8442/م ب) وتاريخ 25/6/1426هـ بسنة تجربة جديدة. الإجابة: المستخدم المعين بموجب هذا الأمر غير مطالب ...
51,كيف يتم معرفه عدد السعوديين المطلوب توظيفهم لرفع نطاق المنشاة؟,يمكن للمنشأة معرفة أعداد السعوديين الواجب تعيينهم للوصول الى النطاق التي ترغب به المنشأة من خلال منصة قوى - خدمة دليل نطاقات التفاعلي رابط الخدمة .,faq,,FIXED_000283,1.0,0.4090909090909091,0.4018372944985932,0.4090909090909091,Strong,0.473773717880249,نوع المصدر: سؤال شائع السؤال: كيف يمكن التأكد من أن نطاق المنشأة يعكس النطاق الحقيقي الذي تستحقه؟ الإجابة: على المنشآت إتباع الخطوات التالية لتعديل بياناتهم والحصول على التقييم الحقيقي: التأكد من تطابق رقم المنشأة في الا...
52,عند إضافة عامل سعودي هل سيتم احتساب نسبة التوطين بشكل فوري؟,يتم احتساب وزن العامل بشكل فوري عند إضافة عامل سعودي لجميع المنشآت خلال التحديث الأسبوعي لنطاقات حسب القواعد الخاصة بالاحتساب، مع ملاحظة أنه تم إتاحة خدمة الاحت...,faq,,FIXED_000336,1.0,0.65,0.46323040158559936,0.65,Strong,0.48698878288269043,نوع المصدر: سؤال شائع السؤال: ما هي آلية احتساب اضافة او استبعاد العمالة؟ الإجابة: مع إطلاق برنامج نطاقات المطور ، ودعماً للمنشآت في تحقيق نسب التوطين المطلوبة منها، يتم حالياً احتساب وزن العامل بشكل فوري عند تسجيله لجمي...
53,ما سبب تغيير الحد الاقصى للصرف في طلب إصدار التأشيرات...؟,بسبب تغير نطاق المنشأة حسب متطلبات برنامج نطاقات المطور، ويمكن للمنشأة معرفة أعداد السعوديين الواجب تعيينهم للوصول الى نطاق السماح بإصدار التأشيرات من خلال منصة...,faq,,FIXED_000266,1.0,0.1724137931034483,0.2560276200330329,0.2560276200330329,Moderate,0.432544469833374,نوع المصدر: سؤال شائع السؤال: لماذا لا تظهر حالة سريان رخصة العمل بعد الإصدار أو التجديد في نظام أبشر أعمال أو مقيم؟ الإجابة: تُحدث حالة سداد رسوم رخصة العمل بأنظمة الجوازات خلال 24 ساعة من وقت السداد. التصنيف: أصحاب عمل...
54,لماذا تم تغيير نشاط المنشأة دون تقديم طلب بذلك؟,ضمن جهود الوزارة في تخفيف مستوى تعقيد برنامج نطاقات المطور وتسهيل إجراءاته على المنشآت والعملاء ، تم خفض عدد الأنشطة الاقتصادية في برنامج نطاقات المطور وذلك بدم...,faq,,FIXED_000337,1.0,0.2857142857142857,0.4089960596605758,0.4089960596605758,Strong,0.5042877197265625,نوع المصدر: سؤال شائع السؤال: هل يمكن أن يتغير انطاق المنشأة دون تغيير في عدد العمالة خلال السنوات القادمة؟ الإجابة: يتم تطبيق نسب التوطين المطلوبة في برنامج نطاقات المطور بشكل تدريجي على مدى ثلاث سنوات ، وللاطلاع على نس...
55,ما هي أسباب تغير النطاق دون تغير أعداد العاملين الوافدين والسعوديين لدى المنشأة؟,مع دخول برنامج نطاقات المطور حيز التنفيذ بتاريخ 1 / 12 / 2021 م تم رفع نسب التوطين المطلوبة من المنشآت، وبذلك قد يتغير نطاق المنشأة حتى مع ثبات أعداد العاملين ل...,faq,,FIXED_000337,1.0,0.6333333333333333,0.4769023259193168,0.6333333333333333,Strong,0.5016920566558838,نوع المصدر: سؤال شائع السؤال: هل يمكن أن يتغير انطاق المنشأة دون تغيير في عدد العمالة خلال السنوات القادمة؟ الإجابة: يتم تطبيق نسب التوطين المطلوبة في برنامج نطاقات المطور بشكل تدريجي على مدى ثلاث سنوات ، وللاطلاع على نس...
56,هل تتوفر نسخة من الدليل باللغة الانجليزية؟,جاري العمل على ذلك,faq,,FIXED_000359,1.0,0.75,0.21997686546716927,0.75,Strong,0.45138072967529297,نوع المصدر: سؤال شائع السؤال: هل النسخة العربية وغير العربية متطابقة من حيث الخدمات والوظائف والعرض في الأنظمة؟ الإجابة: نظام العمل متوفر بثلاث لغات (عربي، انجليزي، اردو)، وانظمة التنمية الاجتماعية والخدمة المدنية للسعود...
57,هل انتهى الاعفاء من المقابل المالي للمنشآت اقل من 4 عمال ؟,"لا , ويستمر العمل بما هو مطبق وفق الامر السامي رقم 515 وتاريخ 14-08-1441ه",faq,,FIXED_000348,1.0,0.9090909090909091,0.2451514065209247,0.9090909090909091,Strong,0.5152609348297119,"نوع المصدر: سؤال شائع السؤال: هل ألغي المقابل المالي من المصانع ؟ الإجابة: لا , ويستمر العمل بما هو مطبق وفق الامر السامي رقم 74 وتاريخ 25-01-1441ه التصنيف: أصحاب عمل | أفراد | العمالة المنزلية | كبار السن | قطاع العمل |..."
58,هل ألغيت المنشآت الفردية الصغيرة ؟,لا ، ويستمر العمل بما هو مطبق حالياً، حيث يكتفى بعامل سعودي مسجل على المنشأة.,faq,,FIXED_000348,1.0,0.5833333333333334,0.24908987603682273,0.5833333333333334,Strong,0.47498559951782227,"نوع المصدر: سؤال شائع السؤال: هل ألغي المقابل المالي من المصانع ؟ الإجابة: لا , ويستمر العمل بما هو مطبق وفق الامر السامي رقم 74 وتاريخ 25-01-1441ه التصنيف: أصحاب عمل | أفراد | العمالة المنزلية | كبار السن | قطاع العمل |..."
59,متى سيبدأ تطبيق نطاقات المطور؟,سيتم بدء العمل بموجب نطاقات المطور في 1 ديسمبر 2021م -بإذن الله.,faq,,FIXED_000334,1.0,0.6,0.31703719512145745,0.6,Strong,0.47631168365478516,نوع المصدر: سؤال شائع السؤال: متى تم تطبيق قرار نطاقات المطور؟ الإجابة: دخل البرنامج حيز التنفيذ بتاريخ 1 ديسمبر 2021 التصنيف: أصحاب عمل | أفراد | العمالة المنزلية | كبار السن | قطاع العمل | مركز الرياض للسياسات السلوكية...
60,هل من الممكن أن يؤثر دمج الأنشطة في التضييق على تعدد الأنشطة وتوسعها في سوق العمل؟,تم دمج مجموعات نطاقات للأنشطة الاقتصادية في محرك نطاقات المطور بناء على معايير محددة لمنح منشآت سوق العمل مرونة أكبر مع إعطاء الأنشطة ذات الاختصاص والاختلاف خصو...,faq,,FIXED_000358,1.0,0.48,0.3426345903018997,0.48,Strong,0.46491336822509766,نوع المصدر: سؤال شائع السؤال: هل تبحث عن عمل أو تأهيل لسوق العمل؟ الإجابة: 1. يتم من خلال منصة العمل عن بعد إجراءات التعاقد بين المنشأة والباحث عن عمل عن بعد من خلال الخدمات التي تقدمها الوزارة أدناه: a. انشاء السيرة الذ...
61,هل يتطلب من المستخدم إعادة ادخال البيانات التي تملكها الجهات الحكومية الأخرى ؟,"1-التنمية الاجتماعية ( بوابة حساب المواطن ) البيانات مثال ( الاسم,تاريخ الميلاد , رقم الهوية ) 2- القطاع العام ( موقع جدارة ) البيانات مثال (الاسم , الموهل التع...",faq,,FIXED_000222,1.0,0.3076923076923077,0.5555307195062579,0.5555307195062579,Strong,0.4322066307067871,نوع المصدر: سؤال شائع السؤال: هل يتم إضافة البيانات التي تملكها الوزارة في الأصل للحقول المناسبة دون الحاجة الى إدخالها من المستخدم (إعادة استخدام البيانات) ؟ الإجابة: يتم تطبيق مبدأ إعادة استخدام البيانات حيث تمكن البوا...
62,هل يحصل العامل على إقامة أو يكتفى بالعقد؟,كما هو معمول به حالياً، يجب حصول الوافد على إقامة ورخصة عمل وعقد عمل موثق,legal_article,52,FIXED_000053,1.0,0.25,0.12666157328682617,0.25,Moderate,0.5036919116973877,نوع المصدر: مادة قانونية اسم المصدر: نظام العمل السعودي التصنيف القانوني: علاقات العمل الباب: علاقات العمل الفصل: الفصل الأول رقم المادة: 52 عنوان المادة: المادة الثانية والخمسون: حالة المادة: فعالة النص: المصدر: نظام ال...
63,آليه الحصول على التأشيرة بعد إطلاق المبادرة؟,عبر منصة أبشر وستتاح الخدمة في 14 مارس 2021,faq,,FIXED_000380,1.0,0.14285714285714285,0.09943314871171383,0.14285714285714285,Weak,0.46619153022766113,نوع المصدر: سؤال شائع السؤال: لماذا تطلق المبادرة اليوم؟ الإجابة: تعمل الوزارة دائماً على تطوير أنظمتها ولوائحها لمراعاة التطورات والمتغيرات في سوق العمل، ومن ذلك ما صدر من قرارات تُعنى بحماية الأجور وتوثيق العقود وتعزيز...
64,ما هو الشرط الجزائي للعامل؟,وفق ما ينص عليه عقد العمل الموثق بينهما، مع مراعاة أحكام المادة 77 من نظام العمل,faq,,FIXED_000368,1.0,0.8181818181818182,0.4572950777890626,0.8181818181818182,Strong,0.7781345844268799,نوع المصدر: سؤال شائع السؤال: هل ينطبق الشرط الجزائي على العامل أو صاحب العمل؟ الإجابة: يتحمل تنفيذ الشرط الجزائي الطرف الذي يقوم بإنهاء العقد قبل انتهاء مدته وفق ما تنص عليه بنود العقد الموثق بينهما، مع مراعاة أحكام الم...
65,من يدفع رسوم الإقامة ورخص العمل في النظام الجديد العامل أم صاحب العمل؟,لا يوجد تعديل على الآلية الحالية.,faq,,FIXED_000285,1.0,0.6,0.18582461874505207,0.6,Strong,0.5048384666442871,نوع المصدر: سؤال شائع السؤال: على من تكون رسوم نقل الخدمات والاستقدام ورخصة العمل وتجديدهما؟ الإجابة: عملاً بالمادة 40 من نظام العمل : 1 - يتحمل صاحب العمل رسوم استقدام العامل غير السعودي، ورسوم الإقامة ورخصة العمل وتجدي...
66,من يتحمل رسوم الاستقدام بعد تنظيم العلاقة التعاقدية؟,كما هو معمول به حالياً يتحمل رسوم الاستقدام صاحب العمل.,faq,,FIXED_000285,1.0,0.625,0.3659645158805724,0.625,Strong,0.49239134788513184,نوع المصدر: سؤال شائع السؤال: على من تكون رسوم نقل الخدمات والاستقدام ورخصة العمل وتجديدهما؟ الإجابة: عملاً بالمادة 40 من نظام العمل : 1 - يتحمل صاحب العمل رسوم استقدام العامل غير السعودي، ورسوم الإقامة ورخصة العمل وتجدي...
67,ماهي العقوبات عند الإخلال بالعقد من قبل العامل أو صاحب العمل؟,يحدد عقد العمل الموثق التزامات وحقوق الطرفين والإجراءات المترتبة على الإخلال بها بما يتوافق مع نظام العمل.,legal_article,80,FIXED_000082,1.0,0.4666666666666667,0.46602520055738744,0.4666666666666667,Strong,0.7663373947143555,نوع المصدر: مادة قانونية اسم المصدر: نظام العمل السعودي التصنيف القانوني: علاقات العمل الباب: علاقات العمل الفصل: الفصل الثالث رقم المادة: 80 عنوان المادة: المادة الثمانون: حالة المادة: فعالة النص: المصدر: نظام العمل الس...
68,ما هو إجراء تنفيذ طلب خدمة التنقل الوظيفي؟,عن طريق تقديم المنشأة الجديدة طلب الخدمة عبر منصة قوى التابعة للوزارة.,faq,,FIXED_000379,1.0,0.45454545454545453,0.2310621747970689,0.45454545454545453,Strong,0.4621267318725586,نوع المصدر: سؤال شائع السؤال: ماهي خدمة التنقل الوظيفي؟ الإجابة: هي خدمة تتيح للعامل الوافد الانتقال للعمل عند صاحب عملٍ آخر عند انتهاء عقد عمله دون الحاجة لموافقة صاحب العمل، وتحدد آليات الانتقال خلال سريان العقد بشرط ا...
69,هل يحق للعامل الانتقال قبل اكتمال مدة العقد بعد السنة الأولى من أول دخول للمملكة.,نعم يحق له الانتقال، مع الالتزام بالشرط الجزائي المنصوص عليه في العقد شريطة ألا يخالف نظام العمل، وأن يلتزم بفترة الإشعار المحددة بـ 90 يوماً.,faq,,FIXED_000374,1.0,0.5,0.4822038173041409,0.5,Strong,0.5099883079528809,نوع المصدر: سؤال شائع السؤال: هل يحق للعامل الانتقال لصاحب عمل آخر قبل انتهاء مدة العقد؟ الإجابة: نعم يحق له الانتقال مع تطبيق شروط أهلية العامل وصاحب العمل الجديد، وفي هذه الحالة ينطبق عليه الشرط الجزائي حسب المنصوص علي...
70,هل يحق للعامل طلب نقل خدماته قبل مضي 12 شهرا من قدومه للمملكة لأول مرة للعمل لدى المنشأة الحالية؟,لا يمكن للعامل طلب نقل الخدمات من المنشأة التي قدم إليها قبل مضي 12 شهراً على قدومه للعمل لأول مرة في المملكة، ولكن المبادرة نصت على استثناءات لنقل خدماته قبل ا...,faq,,FIXED_000378,1.0,0.4230769230769231,0.3767598352699581,0.4230769230769231,Strong,0.5116913318634033,نوع المصدر: سؤال شائع السؤال: ما هي شروط أهلية العامل الوافد للاستفادة من خدمة التنقل الوظيفي؟ الإجابة: أن يكون ضمن العمالة المهنية الوافدة الخاضعة لنظام العمل. أن يمضي العامل الوافد 12 شهرا لدى صاحب العمل الحالي منذ دخو...
71,هل هناك شروط أهلية لصاحب العمل الجديد لطلب نقل خدمات العامل الوافد؟,استيفاء شروط الاستقدام. الالتزام ببرنامج حماية الأجور. الالتزام ببرنامج توثيق عقود العاملين في المنشأة. استكمال برنامج التقييم الذاتي للمنشأة.,faq,,FIXED_000378,1.0,0.25,0.26717176487633165,0.26717176487633165,Moderate,0.3657987117767334,نوع المصدر: سؤال شائع السؤال: ما هي شروط أهلية العامل الوافد للاستفادة من خدمة التنقل الوظيفي؟ الإجابة: أن يكون ضمن العمالة المهنية الوافدة الخاضعة لنظام العمل. أن يمضي العامل الوافد 12 شهرا لدى صاحب العمل الحالي منذ دخو...
72,هل هناك شروط مطلوبة للاستفادة من خدمة التنقل الوظيفي؟,نعم هناك عدد من شروط الأهلية لكلِّ من العامل وصاحب العمل الجديد، وفي حال تحققها بإمكانهم الاستفادة من هذه الخدمة.,faq,,FIXED_000378,1.0,0.29411764705882354,0.3264741763205483,0.3264741763205483,Moderate,0.46341991424560547,نوع المصدر: سؤال شائع السؤال: ما هي شروط أهلية العامل الوافد للاستفادة من خدمة التنقل الوظيفي؟ الإجابة: أن يكون ضمن العمالة المهنية الوافدة الخاضعة لنظام العمل. أن يمضي العامل الوافد 12 شهرا لدى صاحب العمل الحالي منذ دخو...
73,هل تشمل المبادرة كافة المتعاقدين مع القطاع الخاص؟,المبادرة تشمل كافة العاملين الوافدين في القطاع الخاص,faq,,FIXED_000369,1.0,0.8571428571428571,0.38199288832758355,0.8571428571428571,Strong,0.4780135154724121,نوع المصدر: سؤال شائع السؤال: ماهي الفئات المستهدفة للحصول على المبادرة؟ الإجابة: فئة العاملين الوافدين في منشآت القطاع الخاص. التصنيف: أصحاب عمل | أفراد | العمالة المنزلية | كبار السن | قطاع العمل | مركز الرياض للسياسات...
74,هل يجوز للمعين على بند الأجور تأجير عقاره الذي يملكه على الجهة الحكومية التي يعمل بها؟,لا يجوز للعامل المعين على بند الأجور تأجير عقاره الذي يملكه على الجهة الحكومية التي يعمل بها وفقاً لقرار مجلس الوزراء رقم (11) وتاريخ 26/2/1400هـ الذي حظر التعا...,faq,,FIXED_000390,1.0,0.4482758620689655,0.4997340016815229,0.4997340016815229,Strong,0.42769527435302734,نوع المصدر: سؤال شائع السؤال: هل يجوز نقل العامل المعين على بند الأجور إلى إحدى الجهات الحكومية مع الاحتفاظ براتبه؟ الإجابة: لا مانع من نقل العامل من جهة إلى أخرى على إحدى الوظائف المشمولة بلائحة المعينين على بند الأجور ...
75,ما مدى امكانية اعادة عامل على بند الأجور انتهت خدمته بالاستقالة الى عمله مرة أخرى؟,لا يوجد ما يمنع من إعادة العامل في هذه الحالة الى عمله شريطة مزاولته العمل المعين عليه التزاما بالتوجيهات السامية الصادرة بهذا الشأن.,faq,,FIXED_000418,1.0,0.47368421052631576,0.3931711915266627,0.47368421052631576,Strong,0.5173079967498779,نوع المصدر: سؤال شائع السؤال: إذا أنهيت خدمة العامل المعين على لائحة بند الأجور لأي سبب من الأسباب ورغب العودة للخدمة على إحدى الفئات المشمولة باللائحة، فهل يطالب بإمضاء فترة حظر؟ الإجابة: ليس هناك مدة حظر بالنسبة للعامل...
76,ما مدى استحقاق الموظف المتدرب الذي لم يوفق بالنجاح في برنامج الدورة التدريبية للمزايا المالية الواردة في اللائحة التنفيذية للموارد البشرية في الخدمة المدنية ؟,الموظف الموفد أو المبتعث للتدريب الذي التحق بدوره تدريبية وواظب على حضورها ولكنه في نهاية الدورة لم يوفق بالنجاح، ففي هذه الحالة وبعد اقتناع الجهة التي يعمل فيه...,faq,,FIXED_000447,1.0,0.47692307692307695,0.6312043022309162,0.6312043022309162,Strong,0.4636716842651367,نوع المصدر: سؤال شائع السؤال: ما مدى استحقاق الموظف المتدرب الذي انقطع أثناء فترة التدريب للمكافأة المقررة بموجب اللائحة التنفيذية للموارد البشرية في الخدمة المدنية؟ الإجابة: إن الموظف إذا التحق بالدورة وانقطع عنها فإنه ...
77,كيف يعامل الموظف الذي يعمل خارج المملكة في حالة التحاقه بالتدريب داخل أو خارج الدولة التي فيها مقر عمله؟,1. عند التحاق الموظف الذي يعمل في الخارج بالتدريب في المدينة التي بها مقر عمله يعامل معاملة الموظف الملتحق بالتدريب داخل مقر عمله 2. عند التحاق الموظف الذي يعمل...,faq,,FIXED_000398,1.0,0.6666666666666666,0.49735371484834234,0.6666666666666666,Strong,0.4340076446533203,نوع المصدر: سؤال شائع السؤال: كيف يعامل الموظف المتدرب في الداخل أو الخارج في حالة إصابته بمرض وحصوله على إجازة مرضية؟ الإجابة: التدريب يعتبر من واجبات الوظيفة سواء كان ذلك في داخل المملكة أو خارجها ومتى أصيب الموظف المو...
78,العمال المعينون على بند الأجور ويتقاضون رواتب معينة هل ينظر إلى رواتبهم عند التعيين على وظائف المستخدمين بحيث يوضعون على الدرجة التي تتساوي أو تزيد على رواتبهم؟,المعين على لائحة المستخدمين يعين على أول مربوط المرتبة ولا ينظر إلى ما كان يتقاضاه على بند الأجور لأن الذي يمكن أن يستفيد من راتبه السابق هو الموظف أو المستخدم ...,faq,,FIXED_000406,1.0,0.5517241379310345,0.619890778902257,0.619890778902257,Strong,0.5286157131195068,نوع المصدر: سؤال شائع السؤال: ما مدى إمكانية احتفاظ العامل المعين على بند الأجور براتبه عند تعيينه على وظيفة مشمولة بنظام الخدمة المدنية ولوائحه التنفيذية؟ الإجابة: لا يوجد في نظام الخدمة المدنية ولوائحه التنفيذية نص يقض...
79,مدرس توفي أثناء العطلة الصيفية هل يستحق ورثته رواتبه عن بقية هذه العطلة؟,يستحق الورثة رواتبه عن بقية العطلة الصيفية وقد سبق أن صدر بذلك قرار مجلس الوزراء برقم 18 وتاريخ 1/8/1380هـ وهذا القرار لازال ساري المفعول بعد صدور نظام الموظفين...,faq,,FIXED_000470,1.0,0.36363636363636365,0.43280904476925663,0.43280904476925663,Strong,0.47975802421569824,نوع المصدر: سؤال شائع السؤال: مدرس مرض فمنح إجازة مرضية يقع جزء منها خلال العطلة الصيفية ويتظلم من حسم نصف راتبه مع أن الإجازة الصيفية حق له؟ الإجابة: في مثل هذه الحالة تحتسب له الإجازة المرضية قبل بداية الإجازة الصيفية ...
80,ما مدى أحقية الموظف لراتب عطلة أحد العيدين لكونه منح إجازة استثنائية تنتهي مع بداية عطلة العيد وتقدم باستقالته في أول يوم عمل بعد عطلة العيد؟,استحقاقه لراتب هذه الاجازة باعتباره لا يزال في الخدمة ويتمتع بكافة حقوقه الوظيفية.,faq,,FIXED_000485,1.0,0.2727272727272727,0.22185535060229522,0.2727272727272727,Moderate,0.5585477352142334,نوع المصدر: سؤال شائع السؤال: موظف يتمتع بإجازة استثنائية تنتهي مع نهاية أخر يوم عمل قبل اجازة العيد ويطلب اجاز استثنائية اخرى مع بداية أول يوم عمل بعد اجازة العيد؟ الإجابة: لا يوجد ما يمنع نظاماً متى رغب الموظف ووافقت ج...
81,ما مدى استحقاق المشمولين بكوادر خاصة درجة الترقية المنصوص عليها بالمادة (18/ب) من نظام الخدمة المدنية عند ترقيتهم ضمن الكادر الخاضعين له، وهل يشمل ذلك المنقولين من كادر الموظفين إلى تلك الكوادر أو العكس؟,إن من يتم ترقيتهم من المشمولين بتلك الكوادر الخاصة يجوز منحهم علاوة الترقية إذا كان النظام الخاص بهم لم ينظم ذلك ويحيل إلى نظام الخدمة المدنية في هذا الشأن، أما...,faq,,FIXED_000416,1.0,0.35714285714285715,0.44685947014699373,0.44685947014699373,Strong,0.4803011417388916,نوع المصدر: سؤال شائع السؤال: ما مدى جواز منح الموظف المنقول بترقية الدرجة الإضافية المنصوص عليها بالمادة (18/ب) من نظام الخدمة المدنية؟ الإجابة: يجوز منح الموظف المنقول بترقية من جهة حكومية إلى أخرى درجة إضافية عند ترقي...
82,هل يجوز منح الموظف الدرجة الإضافية المقررة بالمادة (18/ب) من نظام الخدمة المدنية في حالة ترقيته للمرتبة الحادية عشرة فما فوق؟,يجوز منح الموظف المرقى لإحدى المراتب التي تلي المرتبة العاشرة العلاوة الإضافية الواردة في المادة (18/ب) من نظام الخدمة المدنية التي نصت في عجزها على أنه (يجوز ب...,faq,,FIXED_000416,1.0,0.6176470588235294,0.6770440469670457,0.6770440469670457,Strong,0.44335412979125977,نوع المصدر: سؤال شائع السؤال: ما مدى جواز منح الموظف المنقول بترقية الدرجة الإضافية المنصوص عليها بالمادة (18/ب) من نظام الخدمة المدنية؟ الإجابة: يجوز منح الموظف المنقول بترقية من جهة حكومية إلى أخرى درجة إضافية عند ترقي...
83,ما مدى إمكانية تكليف العامل المعين على بند الأجور للقيام بأعمال الوظائف المشمولة بنظام الخدمة المدنية ولوائحه التنفيذية؟,لا يجوز تكليف العامل المعين على لائحة بند الأجور بأعمال الوظائف المشمولة بنظام الخدمة المدنية ولوائحه التنفيذية.,faq,,FIXED_000406,1.0,0.6875,0.6573867250344716,0.6875,Strong,0.444674015045166,نوع المصدر: سؤال شائع السؤال: ما مدى إمكانية احتفاظ العامل المعين على بند الأجور براتبه عند تعيينه على وظيفة مشمولة بنظام الخدمة المدنية ولوائحه التنفيذية؟ الإجابة: لا يوجد في نظام الخدمة المدنية ولوائحه التنفيذية نص يقض...
84,ما مدى إمكانية معاملة العامل المعين على بند الأجور بأحكام كف اليد الواردة بنظام الخدمة المدنية ولوائحه التنفيذية؟,إن العامل المعين على بند الأجور لا يعامل وفقاً لأحكام كف اليد الخاصة بالموظفين نظراً لخضوعه للائحة المعينين على بند الأجور ونظام العمل والتي لم يرد بهما نص على ...,faq,,FIXED_000395,1.0,0.43478260869565216,0.4814848260500833,0.4814848260500833,Strong,0.44616246223449707,نوع المصدر: سؤال شائع السؤال: ما مدى امكانية ابتعاث أوايفاد العامل المعين على بند الأجور للدراسة ؟ الإجابة: أحكام الابتعاث والايفاد الواردة باللائحة التنفيذية للموارد البشرية في الخدمة المدنية تسري على موظفي الدولة المشم...
85,هل يجب التقيد فقط بالمسميات الواردة في كل مجموعة من الوظائف المحددة بلائحة المعينين على بند الأجور أم أنه يجوز التعيين على جميع الوظائف الحرفية الموضحة بدليل تصنيف الوظائف التي لم تذكر في اللائحة؟,المادة (3) من لائحة المعينين على بند الأجور تنص على أنه (لا يجوز أن يعين على بند الأجور في غير المجموعات المحددة في المادة السابقة ويجوز لوزارة المالية بالاتفاق...,faq,,FIXED_000420,1.0,0.6,0.6057105685770248,0.6057105685770248,Strong,0.5472285747528076,نوع المصدر: سؤال شائع السؤال: هل يجوز التعيين وفق لائحة المعينين على بند الأجور على مسمى عامل فقط؟ الإجابة: لا يجوز التعيين على مسمى عامل فقط بل لابد من تحديد نوعية العمل الذي هو معين عليه ويزاوله بالفعل والنظر في أي مجم...
86,هل يصرف بدل المناطق النائية للموظفين الذين يصرف لهم هذا البدل في حالة تمتعهم بإجازاتهم أو في حال الانتداب في مهمة رسمية؟,بدل المناطق النائية كسائر البدلات الأخرى يخضع لحكم المادة (55) من لائحة الحقوق والمزايا المالية وبذلك فإنه يصرف في حالة الانتداب وفي حالة الحصول على الإجازات ال...,faq,,FIXED_000384,1.0,0.55,0.5919490689464074,0.5919490689464074,Strong,0.4576892852783203,نوع المصدر: سؤال شائع السؤال: ما مدى أحقية المعين على بند الأجور لبدل المناطق النائية؟ الإجابة: يمنح المعيّن على بند الأجور بدل المناطق النائية من أول مربوط الفئة المثبتين عليها استناداً للمادة (11) من لائحة المعينين على...
87,هل يستمر في صرف البدلات للموظف المكفوف اليد التي كانت تصرف له قبل كف يده بالإضافة إلى نصف افي راتبه الذي يصرف له أثناء فترة كف يده؟,لا يصرف للموظف المكفوف اليد إلا نصف صافي راتبه فقط دون سائر البدلات الأخرى التي كانت تصرف له قبل كف يده، استناداً للمادة (19) من نظام الخدمة المدنية، لأن البدلا...,faq,,FIXED_000413,1.0,0.5555555555555556,0.48377661975826625,0.5555555555555556,Strong,0.44127702713012695,نوع المصدر: سؤال شائع السؤال: موظف كفت يده عن العمل على أثر سجنه ثم أفرج عنه وباشر عمله وتمت مساءلته على إثر ذلك تأديبياً حيث حكم عليه بالفصل وكان أثناء فترة كف اليد لا تصرف له أنصاف الرواتب، ما مدى استحقاقه لأنصاف الروا...
88,المنقول بناءً على رغبته من خارج المملكة إلى داخلها ما مدى استحقاقه لبدل الترحيل؟,إذا كان نقل الموظف ابتداءً من داخل المملكة إلى خارجها قد تم للمصلحة العامة واستحق بدل الترحيل فإنه حينما ينقل من الخارج إلى داخل المملكة يستحق أيضاً هذا البدل ح...,faq,,FIXED_000429,1.0,0.4642857142857143,0.4173590235801167,0.4642857142857143,Strong,0.3973233699798584,نوع المصدر: سؤال شائع السؤال: ما مدى استحقاق الموظف المنتدب من خارج المملكة إلى داخلها لبدل التمثيل الدبلوماسي الذي يتقاضاه نتيجة عمله في الخارج؟ الإجابة: طبقاً لنص المادة (55) من لائحة الحقوق والمزايا المالية المدنية تص...
89,هل يستحق الموظف بدل النقل الإضافي عند تكليفه بالعمل الإضافي بعد انتهاء الدوام الرسمي مباشرة؟,حكم هذا البدل ورد مطلقاً، وعليه فإن الموظف المكلف بالعمل خارج وقت الدوام يستحق البدل سواءً أكان عمله الإضافي متصلاً بالدوام الرسمي أو منفصلاً عنه.,faq,,FIXED_000385,1.0,0.4782608695652174,0.4137077560693311,0.4782608695652174,Strong,0.38457369804382324,نوع المصدر: سؤال شائع السؤال: ما مدى أحقية المعين على بند الأجور المكلف بالعمل الإضافي لبدل النقل الإضافي؟ الإجابة: المعين على بند الأجور يستحق في حالة تكليفه بالعمل الإضافي سواء خارج الدوام أو في العطلات الرسمية، وفي حا...
90,نصت المادة (20) من لائحة الحقوق والمزايا المالية على أن (... يحتسب بدل الانتداب عن أيام الإجازة المرضية على أن يخطر الموظف مرجعه بمرضه وأن يوافق على احتساب هذه المدة انتداباً على أن لا يزيد على عشرين (20) يوماً أو نصف المدة أيهما أقل فهل المقصود بعبارة,المقصود بنصف المدة الوارد في هذه المادة هي مدة الانتداب وليست الإجازة المرضية.,faq,,FIXED_000428,1.0,0.5454545454545454,0.5149718125300313,0.5454545454545454,Strong,0.5057945251464844,نوع المصدر: سؤال شائع السؤال: هل يستحق الموظف المنقول بناء على رغبته لبدل الانتداب المقرر عن أيام السفر بموجب المادة (23) من لائحة الحقوق والمزايا لمالية؟ الإجابة: الموظف يستحق في هذه الحالة بدل الانتداب المقرر عن مدة ال...
91,مدى أحقية الموظف الذي نقل لبدل الانتداب في حالة حضوره لتسليم ما بعهدته؟,طالما أن حضوره كان لاستكمال إجراءات كان يجب أن تتم قبل سفره فلا يستفيد من تقصيره ولا تحسب المدة انتداباً ولا يستحق بدل انتداب ولا بدل إركاب.,faq,,FIXED_000465,1.0,0.25,0.1432549520432204,0.25,Moderate,0.4387643337249756,نوع المصدر: سؤال شائع السؤال: هل يستحق الموظف الباقي على رأس العمل بعد انتهاء خدمته لأجل تسليم ما بعهدته لبدل الانتقال الشهري على ضوء المادة (36) من لائحة الحقوق والمزايا المالية؟ الإجابة: لا يستحق الموظف الباقي على رأس ...
92,تضمنت المادة (39/أ) من لائحة الحقوق والمزايا المالية إقرار أحقية الموظف المنقول من داخل المملكة إلى خارجها أو العكس أو من جهة إلى أخرى خارج المملكة في صرف ثلاثة أضعاف قيمة التذكرة من البلد المنقول منه إلى البلد المنقول إليه وذلك مقابل نفقات الإعداد للسفر،,إن صرف ثلاثة أضعاف قيمة التذكرة في هذه الحالة يكون باتجاه واحد فقط، أي عند انتقاله لكون تاريخ عودة الموظف غير محددة.,faq,,FIXED_000431,1.0,0.3157894736842105,0.20576759886719728,0.3157894736842105,Moderate,0.543743371963501,نوع المصدر: سؤال شائع السؤال: ما مدى إمكانية صرف بدل الترحيل المنصوص عليه بالمادة (39/أ) من لائحة الحقوق والمزايا المالية للموظف المنقول من بلد إلى آخر تبعاً لوظيفته؟ الإجابة: استحقاق الموظف المنقول تبعاً لوظيفته من بلد ...
93,ما مدى استحقاق الموظف لتذاكر الإركاب لحضور الجلسة المقررة من الجهة القضائية للنظر في الدعوى المقامة منه ضد جهة عمله؟,إن تذاكر الإركاب لا تصرف للموظف إلا في القضايا التي يدعى فيها للمثول أمام الجهة القضائية وفقاً للمادة (41/ج) من لائحة الحقوق والمزايا المالية وبالتالي لا يستحق ...,faq,,FIXED_000434,1.0,0.7037037037037037,0.4715773836050891,0.7037037037037037,Strong,0.45637965202331543,نوع المصدر: سؤال شائع السؤال: موظف قررت الهيئة الطبية العامة معالجته في الداخل في بلد غير البلد الذي يعمل به ما مدى استحقاقه لتذاكر الأركاب كلما راجع المستشفى؟ الإجابة: يستحق الموظف في هذه الحالة تذاكر الإركاب أو التعويض...
94,هل المكافأة التي تصرف للمستخدمين العاملين بالمستشفيات والمستوصفات والمحاجر الصحية وفقاً لقرار مجلس الوزراء رقم (601) لعام 96هـ وقراري مجلس الخدمة المدنية رقم 25 ورقم 52 لعام 98هـ تشمل المستخدمين العاملين بالمستشفيات التابعة للجامعات أم هي فقط لمستخدمي وزا,هذه القرارات عامة تشمل جميع مستخدمي المستشفيات والمستوصفات والمحاجر الصحية سواء كانت تابعة لوزارة الصحة أو أي جهة حكومية أخرى كالمستشفيات العسكرية أو الجامعية م...,faq,,FIXED_000397,1.0,0.15151515151515152,0.34557169420696643,0.34557169420696643,Moderate,0.47092556953430176,نوع المصدر: سؤال شائع السؤال: ما مدى إمكانية تطبيق أحكام التدريب الواردة في اللائحة التنفيذية للموارد البشرية في الخدمة المدنية على المستخدمين والعمال المعينين على بند الأجور في حالة الحاجة إلى إلحاقهم بدورات تدريبية؟ ال...
95,كيف يتم تحديد الراتب عند صرف مكافأة مباشرة الأموال العامة؟,إن المكافأة المنصوص عليها بالمادة (3) من نظام مباشرة الأموال العامة تصرف على أساس الراتب الفعلي للموظف أي على أساس الدرجة التي يشغلها في سلم الرواتب وليس على أس...,faq,,FIXED_000438,1.0,0.5740740740740741,0.5509804542710247,0.5740740740740741,Strong,0.5137100219726562,نوع المصدر: سؤال شائع السؤال: ما مدى استحقاق الموظف الذي يشغل وظيفة خاضعة لنظام مباشرة الأموال العامة ويمارس عمل وظيفة أخرى خاضعة لنفس النظام لمكافأة مباشرة الأموال العامة؟ الإجابة: بما أن الموظف يشغل وظيفة مخصص لها مكاف...
96,سبق منح أحد الموظفين بالمرتبة الخامسة عشرة علاوة التجمد لمدة عامين فهل يعني ذلك أنه تبقى له علاوتين ام يتم منحه أربع علاوات جديدة؟,قرار مجلس الخدمة المدنية (1/1811) وتاريخ 28/02/1435هـ حدد صرف المكافأة بمقدار العلاوة بحد أقصى أربع علاوات، وبالتالي لا تمنح العلاوة أكثر من ذلك سواء لمن استوفى...,faq,,FIXED_000427,1.0,0.35714285714285715,0.37549530339717097,0.37549530339717097,Strong,0.3988332748413086,نوع المصدر: سؤال شائع السؤال: هل يمنح العامل على بند الأجور علاوات إضافية عن السنوات الدراسية التي حصل عليها أم يكتفي بإعطائه علاوة واحدة حسب آخر شهادة حصل عليها ومتى يكون تاريخ المنح؟ الإجابة: لا يوجد في لائحة المعينين ...
97,موظف أصيب بسبب العمل بعجز جزئي حددته الهيئة الطبية العامة بنسبة (40%) بالعينين و (60%) بسبب الكسور ومضاعفاتها، ما مدى إمكانية تعويضه على هذا الأساس في تحديد نسبة العجز؟,تعويض الموظف لا يتم على أساس تحديد نسبة العجز الجزئي في كل عضو من أعضائه بل يتم بعد تحديد نسبة العجز الجزئي في الجسم بأكمله من قبل الهيئة الطبية العامة وطبقاً ل...,legal_article,138,FIXED_000141,1.0,0.34615384615384615,0.4185007201862954,0.4185007201862954,Strong,0.5441229343414307,نوع المصدر: مادة قانونية اسم المصدر: نظام العمل السعودي التصنيف القانوني: الوقاية من مخاطر العمل والوقاية من الحوادث الصناعية الكبرى وإصابات العمل والخدمات الصحية والاجتماعية الباب: الوقاية من مخاطر العمل والوقاية من الح...
98,ما مدى تطبيق قواعد تعويض الموظفين الذي يفصلون بطريقة غير نظامية على مواطن تربطه بجهة عمله علاقة تعاقدية إذا تم انهاء عقده بسبب اتهامه في قضية ثبتت براءته منها؟,عدم شموله بهذه القواعد لكون تطبيقها يقتصر على الموظفين المشمولين بنظام الخدمة المدنية ولوائحه التنفيذية.,faq,,FIXED_000323,1.0,0.13333333333333333,0.24341803610197416,0.24341803610197416,Moderate,8.911572217941284,نوع المصدر: سؤال شائع السؤال: متى يكون إنهاء العقد؟ الإجابة: إذا كان العقد غير محدد المدة، جاز لأي من طرفيه إنهاؤه بناءً على سبب مشروع يجب بيانه بموجب إشعار يوجه إلى الطرف الآخر كتابةً قبل الإنهاء بمدة تحدد في العقد، على...
99,هل تحتسب الخدمة التي يقضيها الموظف على بند المشاريع المقطوعة لغرض إكمال مدة الخدمة المطلوب توافرها لابتعاث الموظف للدراسة في الخارج؟,لفظ الخدمة الوارد في المادة (179) من اللائحة التنفيذية للموارد البشرية في الخدمة المدنية لفظ عام يشمل جميع من يخدم في الدولة تحت أي تنظيم معين يسمح بالتعيين.,faq,,FIXED_000393,1.0,0.4,0.4797876647176567,0.4797876647176567,Strong,0.35834312438964844,نوع المصدر: سؤال شائع السؤال: ما مدى امكانية احتساب الخدمة على بند الأجور عند التثبيت على وظيفة مشمولة بسلم رواتب الموظفين العام وذلك لغرض منح الإجازة الدراسية؟ الإجابة: يمكن احتساب الخدمة السابقة على بند الأجور لغرض است...
100,هل يمنح الموظف المبتعث للتدريب في الخارج مكافأة عن العمل الإضافي إذا شمل التدريب عطلة العيد الرسمية؟,لا يستفيد الموظف المبتعث للخارج للتدريب إذا تخلل فترة التدريب إجازة رسمية من المكافأة المقررة لمن يكلف بالعمل الإضافي في أيام العطل الرسمية لأنه في هذه الحالة ي...,faq,,FIXED_000396,1.0,0.48,0.5745024433223718,0.5745024433223718,Strong,0.45449113845825195,نوع المصدر: سؤال شائع السؤال: ما مدى استحقاق الموظف المتدرب لمكافآت وبدلات التدريب عن فترة إجازات الأعياد التي تقع أثناء مدة برنامج الدورة؟ الإجابة: يستحق الموظف المتدرب مكافآت وبدلات التدريب عن فترة إجازات الأعياد لأن ت...
101,هل يجوز تنازل الموظف عن الترقية التي حصل عليها سواء عن طريق المفاضلة أو المسابقة وما الذي يترتب على ذلك؟,الأصل أنه لا يجوز للموظف التنازل عن ترقيته التي حصل عليها عن طريق المفاضلة أو المسابقة لأن التنازل ليس حقاً للموظف، ولكن يجوز للإدارة أن تطلب التنازل في حالة تص...,faq,,FIXED_000450,1.0,0.2231404958677686,0.5412656699510973,0.5412656699510973,Strong,0.44634151458740234,نوع المصدر: سؤال شائع السؤال: موظف أحيل للتحقيق أثناء إجراء المفاضلة لغرض الترقية ثم صدر حكم ديوان المظالم بعدم ادانته بما نسب إليه فهل يمكن النظر في ترقيته؟ الإجابة: بناءً على الفقرة (ج) من المادة (49) من اللائحة التنفي...
102,ما مدى إمكانية نقل الموظف مكفوف اليد من وظيفة (أمين صندوق) إلى وظيفة (مأمور عهده) داخل الجهة الحكومية التي يعمل بها؟,لا يوجد مانع نظام من نقل الموظف مكفوف اليد إذا كان الهدف من ذلك تحقيق مصلحة العمل.,faq,,FIXED_000399,1.0,0.5,0.31366494603148065,0.5,Strong,0.44701552391052246,نوع المصدر: سؤال شائع السؤال: ما مدى جواز نقل الموظف الموفد أو المبتعث للتدريب خلال فترة حضوره برنامج تدريبي؟ الإجابة: ليس هناك ما يمنع من نقل الموظف المبتعث للتدريب من وظيفة إلى أخرى داخل الجهة الإدارية أو من جهة إلى جه...
103,موظف أحيل للتحقيق معه من قبل هيئة الرقابة والتحقيق ولم يصدر قرار بكف يده عن العمل فما مدى نظامية طي قيده في حالة انقطاعه عن العمل دون عذر مشروع؟,مادام أن الموظف تمت إحالته للتحقيق ولم يصدر قرار بكف يده فإنه في حالة انقطاعه عن العمل دون عذر مشروع يمكن إنهاء خدماته للانقطاع وفقاً للمادة (266) من اللائحة ال...,faq,,FIXED_000457,1.0,0.5897435897435898,0.48788006067563394,0.5897435897435898,Strong,8.851310014724731,نوع المصدر: سؤال شائع السؤال: موظف بعد احالته على التقاعد لبلوغ السن النظامية صدر بحقه حكم نهائي من ديوان المظالم بإدانته بجريمتي التزوير والاستعمال ولم تكف يده عن العمل لعدم علم جهته بالقضية، فكيف تتم معالجة وضعه؟ الإجا...
104,ما مدى إمكانية احتساب ساعات التأخر أو الانصراف قبل نهاية الدوام ضمن أيام الانقطاع التي يجوز عند توفرها طي قيد الموظف؟,إن ساعات الغياب سواء كانت في بداية الدوام أو أثناءه أو قبل نهايته التي يتم تجميعها وتبلغ سبع ساعات لا تعتبر أيام غياب ولا تدخل في أيام الغياب المنصوص عليها بالم...,faq,,FIXED_000455,1.0,0.4594594594594595,0.43436401345288556,0.4594594594594595,Strong,0.5396254062652588,نوع المصدر: سؤال شائع السؤال: في حالة غياب الموظف عن العمل وإيقاع عقوبة تأديبية عليه بسبب ذلك فهل تحتسب أيام الغياب التي عوقب عنها ضمن أيام الغياب التي يجوز للإدارة طي قيد الموظف وفقاً للمادة (226) من اللائحة التنفيذية ل...
105,موظف حصل بموافقة جهة عمله على منحه دراسية لدراسة الماجستير والدكتوراه من احدى شركات القطاع العام وبعد انتهاء الدراسة تقدم بطلب احالته على التقاعد المبكر لكون خدماته تزيد عن ستة وعشرين سنة ورفضت جهة عمله الطلب بحجة مطالبته بخدمة إلزامية، فما مدى نظامية رفض,الموظف في هذه الحالة مطالب بالخدمة مدة تعادل مدة ابتعاثه واعادة ما صرف عليه عن المدة المتبقية من الخدمة لأن المنحة الدراسية في الأساس مخصصة للجهة الحكومية وليس ...,faq,,FIXED_000457,1.0,0.25,0.4682020120070831,0.4682020120070831,Strong,0.5750932693481445,نوع المصدر: سؤال شائع السؤال: موظف بعد احالته على التقاعد لبلوغ السن النظامية صدر بحقه حكم نهائي من ديوان المظالم بإدانته بجريمتي التزوير والاستعمال ولم تكف يده عن العمل لعدم علم جهته بالقضية، فكيف تتم معالجة وضعه؟ الإجا...
106,ما مدى امكانية إلغاء قرار الفصل من الخدمة لانقطاع الموظف عن العمل بعد أن ثبت أن الانقطاع كان بسبب المرض؟,يشترط طبقاً للمادة (226) من اللائحة التنفيذية للموارد البشرية في الخدمة المدنية لصحة قرار إنهاء الخدمة أن يكون انقطاع الموظف دون عذر مشروع، فإذا ثبت بموجب تقرير...,legal_article,82,FIXED_000084,1.0,0.5333333333333333,0.4352927688813032,0.5333333333333333,Strong,0.5269694328308105,نوع المصدر: مادة قانونية اسم المصدر: نظام العمل السعودي التصنيف القانوني: علاقات العمل الباب: علاقات العمل الفصل: الفصل الثالث رقم المادة: 82 عنوان المادة: المادة الثانية والثمانون: حالة المادة: فعالة النص: المصدر: نظام ...
107,ما مدى امكانية تعديل قرار إنهاء خدمة الموظف لانقطاعه عن العمل إلى الإحالة على التقاعد المبكر للاستفادة من خدمته لغرض صرف المعاش التقاعدي؟,يمكن النظر في تعديل القرار إلى الإحالة على التقاعد المبكر إذا كان الموظف لم يستلم مكافأة من المؤسسة العامة للتقاعد مقابل خدمته، اما إذا كان قد أستلم هذه المكافأ...,faq,,FIXED_000457,1.0,0.5454545454545454,0.43027216413076996,0.5454545454545454,Strong,0.5398859977722168,نوع المصدر: سؤال شائع السؤال: موظف بعد احالته على التقاعد لبلوغ السن النظامية صدر بحقه حكم نهائي من ديوان المظالم بإدانته بجريمتي التزوير والاستعمال ولم تكف يده عن العمل لعدم علم جهته بالقضية، فكيف تتم معالجة وضعه؟ الإجا...
108,مستخدم أمضى (28) سنة في الخدمة ومن ثم تم تثبيته على وظيفة مشمولة بسلم رواتب الموظفين العام، فهل يمكن إحالته على التقاعد المبكر قبل مضي سنة من تثبيته؟,طالما أن خدماته المحتسبة في التقاعد بلغت (28) سنة فأكثر وغير مطالب في الأساس بسنة تجربة جديدة في الوظيفة المثبت عليها، فإنه يمكن إحالته على التقاعد طبقاً لنظام ...,faq,,FIXED_000449,1.0,0.6086956521739131,0.4546889292192416,0.6086956521739131,Strong,0.5500173568725586,نوع المصدر: سؤال شائع السؤال: هل يطالب المستخدم المثبت على وظيفة مشمولة بسلم رواتب الموظفين العام بموجب الأمر السامي رقم (8442/م ب) وتاريخ 25/6/1426هـ بسنة تجربة جديدة. الإجابة: المستخدم المعين بموجب هذا الأمر غير مطالب ...
109,هل يشمل حكم المادة (41) من لائحة الحقوق والمزايا المالية الموظف الذي يستدعى من مقر عمله لمقابلته بهدف معرفة مدى صلاحيته للعمل خارج المملكة أو الالتحاق بإحدى الدورات التدريبية؟,طالما كان الاستدعاء بناءً على طلب الإدارة ويهدف لمصلحة العمل فإن ذلك يعتبر تكليفاً بمهمة، ويعامل في هذه الحالة معاملة الموظف المنتدب.,faq,,FIXED_000444,1.0,0.5238095238095238,0.35088445865213147,0.5238095238095238,Strong,0.45659589767456055,نوع المصدر: سؤال شائع السؤال: موظف قدم للرياض للالتحاق بدورة تدريبية وبعد انتهاء الفترة التدريبية عاد إلى مقر عمله الأصلي وفي أثناء الطريق حصل عليه حادث توفي بسببه، هل يستحق ورثته التعويض المنصوص عليه بالمادة (35) من لائ...
110,ما مدى استحقاق الموظف المنقول بناء على رغبته لبدل الترحيل؟,أكد التعميم الصادر من وزارة المالية رقم (7833/12/2) بتاريخ 23/6/1388هـ على عدم استحقاق الموظف المنقول بناء على رغبته لبدل الترحيل وعائلته وصدرت الموافقة السامية...,faq,,FIXED_000433,1.0,0.5,0.44954961042383607,0.5,Strong,0.5229980945587158,نوع المصدر: سؤال شائع السؤال: ما مدى استحقاق الموظف لبدل الترحيل المنصوص عليه بالمادة (39/أ) من لائحة الحقوق والمزايا المالية إذا تم تعيينه خارج مقر عمله بموجب المؤهل العلمي الحاصل عليه وهو على رأس العمل؟ الإجابة: طالما ...
111,هل يصرف بدل طبيعة عمل للنساخ وبدل تفرغ للأطباء والصيادلة لمن يتم التعاقد معهم وفق المادة (28) من لائحة الحقوق والمزايا المالية؟,تقضي هذه المادة بأن لا تزيد المكافأة على راتب الوظيفة وبدلاتها ولهذا فإن المتعاقد معه السعودي يمنح مكافأة تتضمن الراتب وبدلات الوظيفة المتعاقد معه عليها بحيث يع...,faq,,FIXED_000464,1.0,0.3783783783783784,0.39141514950575135,0.39141514950575135,Strong,0.555426836013794,نوع المصدر: سؤال شائع السؤال: ما مدى إمكانية صرف بدل التفرغ للطبيبات خلال إجازة الوضع والإجازة العادية؟ الإجابة: بدل التفرغ كسائر البدلات التي تضمها المادة (55) من لائحة الحقوق والمزايا المالية بحيث تصرف مع راتب الموظف و...
112,ما مدى تأثر بدل النقل الإضافي الذي يصرف للموظف المنتدب في حالة ما إذا دفعت الجهة أجرة السيارة من وإلى مكان الانتداب؟,: إن المادة (41/أ) من لائحة الحقوق والمزايا لمالية نصت على أن يؤمن للموظف تذكرة إركاب بالطائرة ذهاباً وإياباً في الحالات الآتية: - إذا انتدب في الداخل أو الخارج...,faq,,FIXED_000385,1.0,0.3783783783783784,0.5709224294631323,0.5709224294631323,Strong,0.44454312324523926,نوع المصدر: سؤال شائع السؤال: ما مدى أحقية المعين على بند الأجور المكلف بالعمل الإضافي لبدل النقل الإضافي؟ الإجابة: المعين على بند الأجور يستحق في حالة تكليفه بالعمل الإضافي سواء خارج الدوام أو في العطلات الرسمية، وفي حا...
113,ما مدى جواز تعويض من استمر في الخدمة بعد بلوغه السن النظامية عن إجازته للمدة بعد بلوغه السن؟,تنتهي العلاقة الوظيفية ببلوغ الموظف السن النظامية للتقاعد طبقاً للمادة (210) من اللائحة التنفيذية للموارد البشرية في الخدمة المدنية والتي تقضي بأن يحال الموظف ع...,faq,,FIXED_000437,1.0,0.35294117647058826,0.5789326455306428,0.5789326455306428,Strong,0.5322825908660889,نوع المصدر: سؤال شائع السؤال: موظف مددت خدمته لمدة سنتين بعد بلوغه السن النظامية، ولم يرغب في إكمال مدة التمديد فهل يستحق مكافأة نهاية الخدمة المنصوص عليها بالمادة (53) من لائحة الحقوق والمزايا المالية؟ الإجابة: ما دام أ...
114,إذا منح الموظف إجازة عادية ثم توفي إثناءها فيكف يعامل؟,إذا توفي أثناء الإجازة العادية فإنه يطوى قيده من تاريخ وفاته ويحتفظ للورثة بباقي الإجازة ويعوض عنها ضمن رصيده من الإجازات إن وجد.,faq,,FIXED_000468,1.0,0.42105263157894735,0.34424971619732714,0.42105263157894735,Strong,0.4638631343841553,نوع المصدر: سؤال شائع السؤال: في حالة منح الموظف إجازة عادية فكيف يعامل إذا تخللت هذه الإجازة عطلة أحد العيدين وهل يمكن تمديد فترة الإجازة العادية بقدر مدة إجازة العيد؟ الإجابة: إذا تخللت الإجازة العادية عطلة أحد العيدين...
115,ما مدى إمكانية منح الموظفة إجازة وضع وذلك في حالة الإجهاض خلال الأربعة أو الثلاثة الأشهر الأخيرة من الحمل؟,إن حالات الإجهاض غير مشمولة بنص المادة (151) من اللائحة التنفيذية للموارد البشرية في الخدمة المدنية المنظمة لإجازة الوضع، ويمكن النظر في معالجة ذلك بمنحها إجازة...,faq,,FIXED_000481,1.0,0.5161290322580645,0.4948120979428036,0.5161290322580645,Strong,0.5206646919250488,نوع المصدر: سؤال شائع السؤال: موظفة صدر قرار بتعيينها ومن ثم وضعت مولوداً. ما مدى إمكانية مباشرتها للعمل ومنحها إجازة وضع وفقاً للمادة (151) من اللائحة التنفيذية للموارد البشرية في الخدمة المدنية؟ الإجابة: عدم استفادتها ...
116,الموظف الذي يتمتع بإجازة عادية ثم يصدر قرار بتعيينه على وظيفة أخرى أثناء إجازته وباشر مهامها، هل يعد ذلك قطعاً للإجازة وفقاً للأمر السامي رقم 4505/3/س وتاريخ 24/2/1393هـ؟,لا يعد ذلك قطعاً للإجازة ومن ثم فإنه يحتفظ له بحقه في بقية الإجازة.,faq,,FIXED_000475,1.0,0.3,0.20401891631713176,0.3,Moderate,0.40123558044433594,نوع المصدر: سؤال شائع السؤال: ما مدى جواز إجبار الموظف على التمتع بإجازاته العادية؟ الإجابة: إذا لم يتمتع الموظف بالحد الأدنى لمدة الإجازة العادية وقدرها (36) يوماً خلال مدة لا تتجاوز ثلاث سنوات من نهاية استحقاقها (وله أ...
117,هل يجوز منح الموظف أثناء فترة التجربة إجازة مرافقة المريض؟,حيث أن المادة (147) من اللائحة التنفيذية للموارد البشرية في الخدمة المدنية الإجازات أعطت الموظف ممن تنطبق عليه الشروط، الحق في التغيب عن عمله براتب كامل إذا اضط...,faq,,FIXED_000471,1.0,0.5121951219512195,0.5670725733572732,0.5670725733572732,Strong,0.382413387298584,نوع المصدر: سؤال شائع السؤال: هل يجوز منح الموظف أثناء فترة التجربة إجازة استثنائية؟ الإجابة: من الممكن منح الموظف إجازة استثنائية أثناء سنة التجربة إذا كان هناك ظروف اضطرارية استدعت طلب الموظف لهذه الإجازة على أن تمدد س...
118,هل يمكن تعويض الموظف عن إجازاته العادية قبل انتهاء خدمته إذا اقتضت مصلحة العمل بقاءه في العمل دون تمتعه بإجازته العادية؟,لا يجوز تعويض الموظف عن إجازته إلا بعد انتهاء خدمته وفقاً للمادة (133) من اللائحة التنفيذية للموارد البشرية في الخدمة المدنية.,faq,,FIXED_000479,1.0,0.8235294117647058,0.499415112613782,0.8235294117647058,Strong,0.5244379043579102,نوع المصدر: سؤال شائع السؤال: هل يستحق الموظف التعويض عن إجازته العادية إذا استقال قبل إكمال مدة التجربة؟ الإجابة: الموظف الذي يستقيل قبل إكماله مدة التجربة يستحق التعويض عن إجازته العادية بنسبة المدة التي قضاها في الوظي...
119,هل يمكن الاحتفاظ لمن يعمل في حقل التدريس بإجازاته العادية إذا لم يتمتع بها في العطلة الصيفية لتكليفه بالعمل من قبل مرجعه؟,تعتبر العطلة الصيفية بالنسبة للعاملين في حقل التعليم بمثابة الإجازة العادية وفقاً للفقرة (أ) للمادة (136) من اللائحة التنفيذية للموارد البشرية ويجوز للوزير المخ...,faq,,FIXED_000475,1.0,0.42105263157894735,0.5021074879397104,0.5021074879397104,Strong,0.38898777961730957,نوع المصدر: سؤال شائع السؤال: ما مدى جواز إجبار الموظف على التمتع بإجازاته العادية؟ الإجابة: إذا لم يتمتع الموظف بالحد الأدنى لمدة الإجازة العادية وقدرها (36) يوماً خلال مدة لا تتجاوز ثلاث سنوات من نهاية استحقاقها (وله أ...
120,نصت المادة (141) من اللائحة التنفيذية للموارد البشرية في الخدمة المدنية على أن (تحتسب بداية الأربع سنوات من تاريخ بداية الإجازة المرضية) فهل المقصود بتاريخ بداية الإجازة تاريخ أول إجازة مرضية أم تاريخ كل إجازة؟,بداية الإجازة المرضية الواردة في هذه المادة هو بداية أول إجازة مرضية بغض النظر عن بداية الإجازات اللاحقة لها.,legal_article,117,FIXED_000119,1.0,0.7142857142857143,0.5286341582910157,0.7142857142857143,Strong,0.495311975479126,نوع المصدر: مادة قانونية اسم المصدر: نظام العمل السعودي التصنيف القانوني: شروط العمل وظروفه الباب: شروط العمل وظروفه الفصل: الفصل الرابع رقم المادة: 117 عنوان المادة: المادة السابعة عشرة بعد المائة: حالة المادة: فعالة ال...
121,هل يجوز تعيين العسكري المفصول من الخدمة العسكرية لغيابه قبل مضي سنة على ذلك الفصل في وظيفة مدنية؟,يجوز تعيين العسكري المفصول لغيابه في وظيفة مدنية ولو لم يمض مدة معينة على فصله لأنه لا يوجد في نظام الخدمة المدنية ولوائحه التنفيذية فترة حظر نظامية على العسكري...,faq,,FIXED_000452,1.0,0.5135135135135135,0.45308879357139503,0.5135135135135135,Strong,0.46120214462280273,نوع المصدر: سؤال شائع السؤال: ما مدى إمكانية نقل العسكري إلى وظيفة مدنية؟ الإجابة: لا يجوز نقل خدمات من يشغل وظيفة عسكرية إلى وظيفة مدنية وإنما يجوز بعد إنهاء خدمته في السلك العسكري أن يتقدم للتعيين في إحدى الوظائف الخاض...
